CustomerID,FirstName,LastName,Email,Phone,Address,City,State,ZipCode,JoinDate,TotalSpent
59dcbe0f,Jennifer,Wright,whiteaaron@example.net,,47491 Lopez Overpass Suite 541,Lake Alexanderside,WI,17580,2024-05-03,1988.31
580661f1,samuel,Romero,sandra72@example.com,34207992,,East Catherine,CT,55024,,1569.49
1b7e0502,David,Hall,linda73@example.org,68167594,2407 Hansen Plains Suite 392,MARIOMOUTH,KY,78971,2026-03-27,4713.95
dca02eec,Joe,Wilson,bethwilliams@example.org,81805803,998 Donovan Ford Suite 346,Lake Debbie,NH,41942,2022-02-19,4148.73
ca8f3653,,Guerrero,ronaldstephens@example.net,66123927,2102 Larson Views,Scottmouth,UT,40358,,2543.33
60310461,,Johnson,vstevenson@example.org,24775703,0864 Jeremy Street Suite 533,Lake Vanessabury,,50503,2025-12-15,392.89
1017ab44,Joseph,Young,aprilmoody@example.com,72229779,0051 Davenport Greens Apt. 665,New Johnbury,NC,53695,2024-07-09,4754.88
bcdd0b48,robert,Gonzalez,charlesrichards@example.org,33427248,39726 Taylor Stravenue Apt. 543,Davidshire,AR,37280,2022-09-06,2863.89
19d9d0b5,Elaine,Nelson,robertroach@example.net,,1173 Kimberly Village,West Jade,LA,,2021-11-08,1989.31
,Barbara,Faulkner,josephharrington@example.org,25604084,6277 Wagner Street Suite 270,Simmonsland,WV,39852,2026-02-02,1614.42
3bcdf203,charles,Harris,moorefrank@example.com,59605543,1853 Parker Greens Apt. 124,EAST MARYMOUTH,FL,12456,08/19/2023,3831.41
277eb0aa,Jodi,Stewart,davissherry@example.com,84536139,1212 Cole Point Suite 101,Angelamouth,VI,50994,2021-08-16,2187.61
4ae0fd7a,Michelle,Banks,tinaromero@example.net,,7981 James Mount,North Johnhaven,ME,44222,09/08/2025,4126.39
a1396d49,Adam,Kane,mckaybrett@example.org,37299307,12983 William Meadow,COLLINSBOROUGH,IA,56077,2023-01-08,1928.57
26330c43,Shawn,Carter,rgonzalez@example.com,92029617,465 Brandi Ridge Suite 240,Rachelton,AL,92691,2026-04-13,4553.1
7ca2f582,Laura,Eaton,shawdon@example.org,42964545,84322 Michael Stravenue,Lake Jerrymouth,VA,15356,2025-08-13,3695.64
f5a7620d,Jessica,Thomas,wanda26@example.com,97119782,6769 Taylor Shoal Apt. 668,Ryanfort,ND,70783,2023-06-23,92.01
6405d362,Brian,Martinez,lwebb@example.org,33053275,791 Thomas Brooks Apt. 232,South Timothy,LA,87996,2022-05-15,1191.31
d43cdd6d,Kimberly,Bowman,katrinaanderson@example.net,31759808,82422 Donovan Fork,Staceyhaven,MH,37731,2022-03-11,-1073.64
06289878,Michele,Stewart,christopher18@example.org,,24124 Gregory Circle Suite 200,Petermouth,FL,54610,04/11/2024,3707.44
7ac067a6,joshua,Mcgee,patrickcooke@example.net,36199843,9215 Jennifer Wall Apt. 606,Brownshire,ND,94053,2022-07-29,4177.25
527c8f50,Katherine,Schmidt,rhodescourtney@example.org,55765198,542 Patrick Radial,Garyton,ME,38620,2025-05-25,3836.82
303c1503,,Hansen,butlersabrina@example.org,35657038,,Geraldport,AK,98078,2022-07-12,3367.41
46401757,Robert,Martinez,carolyngarza@example.org,83811939,0907 Anderson Lodge,New Samanthaton,MA,85013,2021-08-28,384.46
48998e5f,Matthew,Lane,rkramer@example.org,71954848,70127 Smith Meadow,LAKE REGINA,FM,85697,2024-02-01,3367.25
2d445af8,Lawrence,Brown,whill@example.org,,1296 Powell Neck,Smithside,ID,96269,2024-09-10,3350.6
a5ba2472,Glen,Owen,johnnytrujillo@example.com,83582341,6574 Steven Springs Suite 910,Annaport,ME,90208,2022-06-09,2356.83
ab61a7b1,Danny,Gould,xlyons@example.com,84704593,912 Rodriguez Burg,Barbarafurt,,94219,2023-03-17,4986.66
fa60ede1,Christopher,Wheeler,bbush@example.net,86519947,620 Mark Field,Terryside,,87086,2023-11-30,4001.34
18b475b1,Kimberly,Mora,brianagonzalez@example.net,72104830,12495 Martin Parkway Apt. 891,Port Belindatown,NC,28943,2023-02-24,2362.67
dca02eec,Joe,Wilson,bethwilliams@example.org,81805803,998 Donovan Ford Suite 346,Lake Debbie,NH,41942,2022-02-19,4148.73
520b28f6,bryan,Garza,marybailey@example.net,39539017,561 Reed Knolls,Bellbury,IA,31253,2024-03-04,3082.1
747ac231,Katherine,Cole,matthew23@example.org,87119692,941 Ferguson Avenue,Wilsonburgh,SD,63038,2025-06-07,1481.54
6a5018b5,,Barr,perezpaul@example.com,31484906,61721 Cristian Haven Suite 195,West Sandraland,MH,06182,,-2104.93
5827bc1d,,Sanders,melissahopkins@example.net,92051200,2138 Hartman Unions,East Paultown,AS,12440,,2874.58
2f191516,Melissa,Henry,frankperez@example.com,53739998,6333 Gregory Mill,Wattsmouth,FM,32847,2025-02-26,663.76
cb9faf6d,Jennifer,Roberts,zhuang@example.com,89495533,0415 Douglas Summit,Lewisside,KY,74165,2023-10-30,229.99
87cb0e2a,Monica,Smith,ureyes@example.net,63322480,85694 Nelson Unions,West Destinyfurt,NH,89012,07/30/2023,2175.52
d471104f,Leah,Cummings,logan56@example.org,84729406,9064 Snyder Row Apt. 591,East Brandontown,DC,14281,2024-04-07,4007.47
2de982f8,Jeffrey,Black,finleycasey@example.com,78738251,5187 Miguel Highway Suite 937,Brittanyfort,WI,26115,2026-03-03,3067.14
7a6a2107,Eric,,robert87@example.net,45403088,91878 Miller Port,North Mariahaven,ID,75566,,218.73
d5d9a385,Brittany,Meyers,wilsonbrooke@example.net,93611153,36565 Theresa Ports,West Mary,WY,28449,,4495.55
255c82c7,anthony,Cherry,christinesolomon@example.com,61533076,07256 Jennifer Station Suite 941,,IA,62227,07/13/2024,3711.17
43355860,Lisa,Garza,,42756531,018 Farley Springs Suite 876,Franciscofurt,NH,98232,2023-07-19,4214.22
382b5b86,Barbara,Mcgrath,lkelly@example.org,51657797,559 Jade Knoll,,MP,65018,2026-02-17,2043.92
e6d33572,Karen,Smith,glasssamantha@example.net,77244626,9271 Mary Light Suite 383,Rodriguezmouth,DE,61567,2022-06-16,3241.79
69d75427,john,Sanchez,terrireyes@example.com,22299229,966 Stephens Freeway,Lake Elizabeth,WA,93812,,4827.11
d994f7ba,Patrick,Davis,mhall@example.net,87131897,6769 Matthew Spring,South Zacharyshire,ID,14657,2022-05-24,
1138978b,Ashley,Schmidt,yclark@example.org,76576876,468 Gonzalez Locks Suite 987,North Courtney,NC,24951,06/05/2026,-312.14
5cce5ba9,Angela,Jones,rduran@example.net,43702891,16558 Fischer Flat,Porterton,AZ,18462,2024-05-08,4449.67
57311609,Cassie,Austin,unovak@example.org,62825349,7358 Reynolds Springs Suite 194,Lake Charles,KY,20715,2024-10-01,200.9
a2c3b917,Vincent,Patton,nathanielgalloway@example.org,85646585,700 Woodward River Suite 200,Nelsonview,MP,89629,2024-10-02,795.47
e65664ac,Angelica,Taylor,gonzalescolleen@example.org,95779476,84117 Brett Plains,Andrewport,,33450,2024-11-03,-1729.13
c66dceb3,Amy,Ritter,wolfscott@example.org,75768238,34074 Atkins Corners Suite 133,MICHELLECHESTER,GA,81261,,2216.38
5c83b98e,Julia,Chapman,john43@example.net,73417326,12910 James Mission Apt. 189,Kevinfort,WV,26977,2026-01-21,4972.68
3caaa31e,James,Hudson,bjones@example.com,67575949,59556 Ruiz Hill,East Michealport,FL,77994,2021-09-26,2419.89
8e8c71d8,Brandon,,michael22@example.net,64833500,56193 Anna Oval,Victoriastad,WI,06618,04/04/2026,3437.24
9a36d1ec,Eric,Malone,thompsonkendra@example.com,,979 Lin Road Suite 271,RAMOSPORT,WY,36503,2021-12-30,262.44
c92efe01,Joshua,Perez,jonesbenjamin@example.org,99516928,54443 Yesenia Terrace Suite 044,Kristafurt,MO,76516,2021-08-14,449.77
8044beb2,Katie,Henderson,imiller@example.net,52511090,1418 Terri Drives,Peterland,ME,92077,03/29/2025,4464.37
12068ad6,Ashley,King,fsmith@example.org,43509702,64256 Zachary Trail,Mendozafurt,PR,95890,2022-02-11,2066.14
6450dd3c,james,Miller,mooneyjeremiah@example.net,82135640,33254 Connie Court Apt. 760,Marybury,CT,62573,2023-07-19,3394.31
9803b22e,,Ellis,kevinrush@example.com,81019518,7569 Kevin Rapids Apt. 752,Novakport,,91590,09/11/2025,4628.62
c5c51060,Emily,Flores,nancy83@example.com,45221406,0892 Peters Causeway Suite 685,Russellport,MS,24602,2026-02-04,905.01
c2b579c2,Jesse,Saunders,robert52@example.org,54715728,996 Joseph Fords Suite 875,West Steven,NJ,67928,2026-03-28,376.92
e66414db,Christine,Reynolds,lbartlett@example.net,43624232,0324 Estrada Cliff,South Robert,WV,72960,2022-07-20,
8044beb2,Katie,Henderson,imiller@example.net,52511090,1418 Terri Drives,Peterland,ME,92077,03/29/2025,4464.37
3e0f84ce,Mark,Ramirez,kdiaz@example.org,54728066,807 Samuel Highway,Port Melaniechester,TX,65945,2022-09-14,359.17
809cd839,,Nelson,floresjeffery@example.com,43367275,8593 Craig Shoals,West Amanda,WY,97108,2021-12-29,3472.81
df5864d5,Monica,Donaldson,fergusonjohn@example.net,48863114,9081 Giles Greens Apt. 056,Jameston,DC,27270,2026-03-04,2168.77
f736df7e,Donna,Wilson,adamwest@example.com,27776517,29321 York Bypass,NORTH WILLIAMSTAD,ND,22993,2025-02-12,4383.2
9ba14c35,Jill,James,phillip99@example.net,65488941,177 Natalie Gardens,Terrellton,OH,51278,2025-11-28,615.92
fa1b7659,Daisy,Mccall,melissaphillips@example.org,39826129,04289 Clark Common Suite 912,Potterhaven,MN,65851,2025-12-07,2883.04
5913f9d3,Ricky,Morris,hodgemark@example.net,52567126,6807 Leonard Islands Apt. 680,Gutierrezborough,NC,47920,2025-10-04,3814.93
336749b5,David,Ryan,alyssa42@example.com,75489479,5171 Karen Fork Suite 851,Smithside,DE,60110,2024-08-27,2262.92
2d91ac23,Joshua,Cunningham,mperez@example.com,86976040,44741 Kelly Lakes,Kelseyhaven,NV,83210,2022-12-20,3985.81
cca99089,tyrone,Watson,riveramegan@example.org,43723330,6187 James Ville,LISATOWN,DE,94175,2023-08-21,-366.34
2790cebd,Sara,Young,theresacochran@example.com,83848428,56342 Patrick Camp,WALKERMOUTH,MI,40502,06/16/2023,3182.07
f6bd80c7,Anna,Delgado,acohen@example.net,63934443,2190 Kelly Harbor Apt. 842,Cunninghamfort,OH,67453,2022-06-25,2155.14
6182f347,Virginia,Schmidt,bwagner@example.org,93488749,836 Beasley Loop,Mariafurt,MT,96132,2022-04-30,4039.41
0dfef633,linda,,josephgarcia@example.com,24998702,34281 Jason Branch Suite 383,East Josephshire,OK,06382,2026-04-25,227.24
,Joshua,Griffin,austinharvey@example.org,74279849,6870 Joshua Dam Suite 383,South Kimberlystad,NJ,71872,2025-08-22,412.08
268b84b6,Adam,Ortiz,,89509976,0641 Alyssa Freeway,Vasquezton,FL,93778,2023-11-25,2235.11
a3b81f92,Amanda,Stout,zfernandez@example.org,53955632,5642 Smith Pike Apt. 547,Lake Sandrafort,ME,01698,2025-03-07,3517.91
e2ae3f87,Peter,Perez,scott22@example.net,85618699,05577 Dunn Dale,New Carla,SC,98662,2026-04-26,1463.38
4d59f68e,Joshua,Harris,tanya97@example.com,68446992,1368 Webb Squares Apt. 607,Beanside,VT,14696,2025-05-14,3821.65
2444d301,Michael,Cooper,adrianabailey@example.org,84347592,751 Williams Station Apt. 051,Lake John,HI,72840,2022-11-18,3489.07
0cb4e891,Philip,Dunn,xhernandez@example.org,55994595,49731 Jamie Route Suite 171,Kristenfort,,87144,2023-10-10,1371.95
f64d4de0,Madison,Hurley,sharon89@example.com,62943001,357 John Summit,Meganchester,MD,08945,2023-04-02,4745.56
e0688849,Joshua,,christopher20@example.com,59254262,361 Aaron Neck Apt. 293,Smithmouth,GU,16307,2025-02-10,745.3
8914bc96,James,Moore,oheath@example.com,66068710,5638 Shelby Camp,Port Shelbyville,NY,52659,2025-08-23,1435.88
6f74e55d,Christopher,Baker,christopher06@example.com,95908216,902 Gonzales Flats Suite 309,New Gavin,AZ,47652,2023-07-22,1710.12
dc409942,Kimberly,Dyer,travistaylor@example.net,87013531,1978 Alvarez Walk Apt. 806,Troyfurt,,89169,2024-07-08,4428.21
065f5046,Ray,Hall,thomas14@example.com,71467563,118 Jared Overpass,NORTH DONALD,,,2025-12-21,-265.28
,Elizabeth,Green,davisrachel@example.com,,35677 Tammy Mews Suite 960,North Jennifer,OR,81308,2022-10-01,4430.09
760e36aa,Amy,Bennett,,36639882,575 Owens Loop Suite 080,DAVISBERG,RI,40135,2023-08-01,1458.91
f2de05fd,Marcus,,kimcristina@example.net,84474060,98196 Julia Curve,Waltersstad,HI,31921,2023-05-28,2486.05
77a7aed0,carol,Rivera,christina65@example.org,82793116,0730 Heather Mountain,,WI,43953,2024-09-18,-1907.24
c5709e30,Amanda,Williams,,44182771,167 Martinez Glen,Milesborough,UT,90382,08/06/2021,2897.64
e4db04c8,Mary,Sampson,ericksondavid@example.net,61291753,9212 Phillips Shore,Lake Shawnview,WI,56466,2024-04-08,1628.63
1ceb08fe,Leslie,Coleman,sylviasuarez@example.org,57004538,5409 Mckenzie Shore Apt. 348,,MH,90317,2022-07-23,4067.13
,Brandon,Allen,bowmansheri@example.com,41395700,0338 Aaron Key,Markside,KS,95145,,4587.81
35f0b1be,Brittany,Holland,cjohnson@example.org,68419595,80920 Jonathan Falls,Greeneshire,SC,02941,2023-12-06,2987.99
ffc03136,kelly,Freeman,upalmer@example.net,84478430,08069 Tran Grove Suite 717,Shanechester,AK,21647,2023-12-20,1999.66
123c6a29,Riley,Williams,cruzariel@example.org,92056626,5875 Debra Manors Apt. 370,Crystaltown,,87752,2022-10-11,4912.1
4fe898d8,Danielle,Clark,jameshill@example.com,85666272,142 Joshua Bridge Apt. 385,Josephport,OK,32590,2022-12-23,-4349.31
ac3cebe3,Kathleen,Smith,karen09@example.org,85186543,80698 Frederick Mountains,Cassandramouth,MN,89873,06/08/2024,3397.7
,Joshua,Griffin,austinharvey@example.org,74279849,6870 Joshua Dam Suite 383,South Kimberlystad,NJ,71872,2025-08-22,412.08
8a3c3b5e,Troy,Miller,prestonjessica@example.net,39915889,13990 Johnston Track Apt. 787,Howardshire,NE,83703,2025-09-13,4209.93
1851d1cf,Melissa,Zamora,christianelizabeth@example.org,69702983,7941 Briggs Falls Apt. 667,Maryfort,AS,55779,2022-12-09,3983.17
20b99830,James,Pierce,patricia85@example.com,73291461,161 Barnes Parkway Apt. 294,West Brandon,OK,08469,2023-02-19,1600.24
04b40ac9,Michael,,joel84@example.org,27739889,0843 Matthew Lock Apt. 168,South John,FL,56398,2024-03-05,2315.26
,cole,Jones,msparks@example.com,44978432,8485 Stephanie Bypass Suite 167,Melissamouth,NH,05217,2021-10-19,-1861.35
3e0f84ce,Mark,Ramirez,kdiaz@example.org,54728066,807 Samuel Highway,Port Melaniechester,TX,65945,2022-09-14,359.17
4a0efbe5,Katherine,Graves,jenniferlawrence@example.net,75083142,09957 Flores Fall,Shirleyville,IN,39475,2025-09-18,
b69f627c,,,robert84@example.net,,0489 Isabella Mission Apt. 899,Terryfurt,WI,26360,2024-01-31,2059.94
301c8108,Aaron,Little,allen50@example.net,36717333,739 Ross Ridge Apt. 567,Lake Paulborough,VT,19265,2025-12-10,1427.89
726a030d,Pamela,James,,67762330,9961 Fernando Forks Suite 544,Nelsonmouth,WI,48101,07/06/2026,793.71
e0ee5e8a,theresa,Rowe,,51874954,11024 Bailey Forks Suite 667,Hamiltontown,MS,88751,2022-07-11,3603.17
b8f0188e,Terrance,Franco,nathangutierrez@example.net,34911634,204 Phillips Flat,Jerryshire,MP,32709,2025-10-07,4294.38
48f1096d,Karen,Bowers,amandacollins@example.com,92584111,9774 Shaw Manor,Port James,PA,18641,2023-08-24,1490.57
b9f6143b,Brian,Dunlap,dalepruitt@example.com,24559728,96590 Timothy Oval Apt. 670,West Dianatown,VT,89358,2025-12-25,2147.61
7796048f,Samuel,Carney,wwilliams@example.net,57291710,7121 Davis Ways Suite 228,Annashire,IL,76987,2021-07-21,3638.94
c536d2ce,Patrick,Guerrero,jasonnavarro@example.com,27322121,410 Steven Mountains,Thomasside,IN,50282,2024-11-01,
d6e0217c,Scott,Taylor,tsmith@example.org,,40266 Santana Estates,South Susan,KY,16071,2025-02-06,4257.32
f06fbb0f,Samantha,Zhang,middletonelizabeth@example.org,65605061,88209 Susan Plains,North Tracy,GU,03879,2024-08-30,712.98
371ecd7b,Susan,Rogers,jamesmichael@example.com,48542679,78161 Calderon River Suite 931,Lake Jeremyport,CO,31013,2022-05-18,3386.73
b020321b,Cameron,Torres,geoffrey85@example.org,61337070,698 Adams Square Suite 905,Hudsonmouth,OK,13310,2025-09-03,1094.18
781f9d3f,Audrey,Rivera,susan44@example.org,79729742,949 Brown Mountains,New Brett,LA,97150,10/01/2021,1906.25
00059b9d,John,Williams,donna72@example.net,47117172,585 Hailey Shore Apt. 303,West Melissa,IL,18091,2026-03-20,779.72
3db788a6,Victor,Wheeler,hatfieldsarah@example.org,58357291,658 Kathryn Trail Apt. 091,West Jasonton,WY,52664,2025-10-29,2476.94
47dbf6a2,Lauren,Tapia,lutzkelsey@example.com,29451464,609 Ward Shoals Suite 901,Ashleymouth,MP,35171,2023-01-15,415.3
0d9e1328,Tracy,Smith,donna00@example.com,35623828,4882 Jennifer Divide,South Brenda,CO,,,4494.41
,Hunter,Walter,andrewjohnson@example.net,22341243,73420 Williamson Rapid,Edwardstad,GA,74850,07/08/2022,1797.63
3db788a6,Victor,Wheeler,hatfieldsarah@example.org,58357291,658 Kathryn Trail Apt. 091,West Jasonton,WY,52664,2025-10-29,2476.94
9ea9f508,alisha,,laura15@example.com,84365564,334 Desiree Walks Apt. 166,Tranton,SC,01739,12/23/2022,4323.12
b245b7d9,sandra,Haynes,,24716060,472 Scott Orchard,PHYLLISBOROUGH,IL,98592,2023-03-08,909.51
c6d53a90,Lauren,Olsen,kaitlyn64@example.org,95499586,0116 Pena Street,Jacksonstad,HI,92781,2022-08-30,2618.51
f5a7620d,Jessica,Thomas,wanda26@example.com,97119782,6769 Taylor Shoal Apt. 668,Ryanfort,ND,70783,2023-06-23,92.01
34f43404,Diamond,,michael03@example.com,35436934,997 Baldwin Crescent Apt. 305,,OH,68918,2024-09-12,3181.57
e23ddfaa,Pamela,Allen,garciaarthur@example.net,43423662,06738 Karen Trail,East Williamport,IN,96382,2026-06-02,4881.27
,Jonathan,Mcdowell,shelbybonilla@example.com,76596546,4669 Scott Passage,Nathanielchester,NY,59495,2023-10-03,4069.41
2fe12ed8,joseph,Alvarez,hbell@example.net,74808273,6326 Romero Center,NELSONVILLE,AR,85517,2024-10-09,3817.79
72fcc072,Amy,Clark,biancasutton@example.org,22929494,8262 Lonnie Point,East Lonnieberg,VA,04365,2024-03-25,1815.28
de94da10,austin,,veronicaanderson@example.net,79826231,5268 Jennifer Crest Suite 599,Lake Brandonstad,NV,54093,05/06/2025,3673.66
979800c3,Caitlin,Nguyen,shortgregory@example.com,79902644,196 Snyder Shore,,,76623,2021-07-09,4372.21
da1e72b2,,Martin,omiller@example.org,,22889 West Curve,Kellychester,AZ,93924,2024-10-25,1730.56
f73936e9,Laura,,greenwilliam@example.net,38375920,5679 Michael Burg,Garciachester,PW,11754,2022-07-04,2540.54
5430c8c3,Jason,Bradley,rachel81@example.com,28446776,383 Ann Stravenue Apt. 966,Lisaborough,ID,07010,09/20/2025,3078.11
a770c217,Eric,Evans,tfitzgerald@example.net,36028267,1583 Griffin Loaf,Adamschester,CO,99655,2025-02-10,376.72
5cbad410,Jessica,Johnston,nicholasmcgrath@example.net,54498967,15720 Tina Run,Brittneyberg,SC,,2024-12-15,968.11
aa448259,Jonathan,Mckay,fjones@example.org,51962588,,Michaelshire,NY,28385,2022-11-01,3298.32
69fb2fe6,Gary,Dickerson,jessicastanley@example.net,,26111 Kelley Burg,Warrenland,CT,34901,11/03/2022,791.1
a2bc372f,Mary,Martin,jason41@example.net,37047912,327 Nelson Route,Lake Mark,WI,07832,06/20/2023,168.6
96418ced,Bethany,Keller,seanwashington@example.com,59992290,5339 Hall Trail Suite 057,Hughesberg,NM,05353,2022-08-05,437.41
7eba0464,Gail,Berg,martinkaren@example.com,39596493,9432 Ernest Forge Apt. 878,Kevinbury,LA,93333,2023-10-21,3958.99
ea041d0b,David,Rangel,nhester@example.net,27193513,3146 Gina Ways,East Stevenville,WA,14945,2023-07-26,-3398.52
3c9ba542,Jennifer,Adams,arthur09@example.com,64467512,,Chloemouth,ND,01914,2025-07-04,3252.68
76d8cbc7,Todd,Jones,jenniferkim@example.com,95758354,20912 Martinez Streets Suite 210,Ericstad,HI,28900,2021-10-24,3408.86
c28fd8cb,David,Castro,tschroeder@example.com,79238761,8581 Stephanie Roads Suite 268,Henryview,,16261,2026-04-07,2601.47
2b24ef63,Emily,Macias,gregoryrichardson@example.org,82654271,67625 Matthew Springs Apt. 814,Timothyview,IL,00793,05/11/2026,4008.28
470367f7,David,Dean,piercejorge@example.net,49513712,7146 Amanda Cliffs,Wandaborough,VT,49278,2026-04-25,3608.7
329245ba,Christopher,,robertgentry@example.org,99957081,,MCCLAINSIDE,AS,35822,2022-06-11,2777.16
39cbc41a,Joshua,,nicholasgarcia@example.org,55545668,497 Allison Squares,ANDREAVILLE,MH,,2022-12-21,3764.43
76b90436,Melissa,Ruiz,kennedyjames@example.org,59591333,460 Derrick Flats Suite 697,WEST MICHELLE,HI,11093,08/31/2025,3110.46
d37a430a,Veronica,Cox,howardangela@example.org,56126802,3950 James Haven Apt. 342,MELANIEBURY,HI,26189,2021-09-13,369.66
a2c3b917,Vincent,Patton,nathanielgalloway@example.org,85646585,700 Woodward River Suite 200,Nelsonview,MP,89629,2024-10-02,795.47
7010ed13,Vickie,Warren,michaelhardin@example.com,95924502,9051 Davis Springs Suite 449,West Christopher,TN,19038,2024-06-29,4324.61
9c8379ae,Jeffrey,Cunningham,vtaylor@example.org,85881096,5215 Smith Fords,Lake Carlos,KS,14661,2021-07-12,4714.28
1c153057,Michelle,Glenn,ryanlawrence@example.net,28393361,666 Gardner Shore Apt. 723,Bridgesstad,MP,55188,2022-10-31,2055.79
7bc4d138,Jessica,Mills,douglas18@example.net,94536446,07681 Larry Cape,West Steventon,CT,68734,2024-03-05,
df748fb5,john,Holland,heatherjones@example.com,74707272,03763 Garcia Fords,Kathleenport,VT,60010,2022-10-30,
6334fa2a,Jackson,Mcclure,jacob04@example.com,91297371,3490 Karen Shores Apt. 158,ARELLANOSHIRE,IN,73062,2022-01-14,1687.29
93dc8eea,Joyce,Mcpherson,jamie13@example.com,57265678,8782 Lozano Keys,Peterchester,KY,,2023-02-21,3472.96
08a47ee1,Susan,King,pcarter@example.net,82708272,0125 Gibbs Knolls Apt. 135,Dustinmouth,DE,01763,2024-03-24,1764.22
7cffae92,Margaret,Norris,larsonkevin@example.net,91938700,05566 Molly Forks Apt. 604,West Amberberg,MD,66351,05/25/2023,1746.33
1ceb08fe,Leslie,Coleman,sylviasuarez@example.org,57004538,5409 Mckenzie Shore Apt. 348,,MH,90317,2022-07-23,4067.13
04022b3c,suzanne,Matthews,thickman@example.org,71282889,685 Campos Dam,New Juliestad,AR,13304,2025-03-27,
c50c71f4,Steven,Wells,wilsonrachel@example.net,55408398,7079 James Port Suite 050,Lake Melaniechester,MT,65473,2026-06-10,4441.57
d2deb47d,justin,Martin,richardwilson@example.org,91934475,47786 Lucas Camp,East Joseph,AK,34369,2023-11-19,3212.11
3b30ee97,Laura,Kelley,robertcastro@example.com,91724824,66341 Garrett Path,Justinside,AS,35736,2025-01-11,4620.32
2db13deb,thomas,Gomez,ian37@example.net,61875066,34333 Mary Knolls,Port Daniel,PW,10788,2025-09-16,601.07
d6d441cc,Jennifer,Rogers,devinmitchell@example.com,71581821,779 Rebecca Brook,Jasonberg,OH,95821,2026-01-03,2925.05
05cf079e,Kelly,Montes,thomasfisher@example.net,24168222,3103 Jenkins Junctions,Toddhaven,MP,72389,2025-04-22,176.49
ccc10250,Erin,Anderson,vshaw@example.com,61853626,10225 Katrina Freeway,Lake Mariachester,PA,97157,08/02/2021,1371.23
72fefdc2,Catherine,Ruiz,ajackson@example.net,39524180,298 Jackson Spur,Sandrashire,CA,30623,2024-09-26,1488.27
27aa7cbc,Chris,Richard,romeroamber@example.net,83718454,592 Moore Falls,Lake Samuel,MT,48250,2023-07-16,1433.39
a0c69223,Isaac,Davis,amybrennan@example.net,71927464,5189 Morrow Bridge Apt. 845,Jenkinsburgh,CT,29058,2022-11-01,79.45
7d2194cb,Aaron,Kelley,harrellrobert@example.net,27235381,756 Davenport Village Apt. 287,Contrerasberg,VI,95903,2024-04-14,154.48
c2ffd690,,Stewart,bjones@example.net,34178565,8389 Jesse Ridges Apt. 436,New Christopher,,49590,2025-10-05,2265.05
850f1cdc,Adrian,Pena,robert12@example.com,68143068,8695 Braun Locks Apt. 688,Whiteside,OH,,2023-09-05,3192.97
45ee432d,Jason,Hunt,russell49@example.com,79192790,36900 Kevin Forest Apt. 445,North Tylerchester,HI,17433,2024-10-02,1250.8
,David,Smith,thomasnicole@example.net,41768692,12679 Hanson Motorway Suite 876,Jeremiahchester,PA,01474,2026-06-08,3909.81
a3336ea8,Jason,Davidson,jonathan14@example.com,84489318,15569 Marilyn Fields Suite 577,Lake Derekberg,SC,60875,2026-02-01,1343.19
c1785e77,Kathy,Bradley,hesssamantha@example.com,81446213,4773 Douglas Ridges,,HI,92200,2024-04-30,3726.08
ceefd2c9,Nancy,Hayden,urhodes@example.org,95725616,8816 Christina Village Apt. 685,Lake Donna,PW,69721,2021-11-17,3892.84
95d12c70,paul,Medina,victoriahamilton@example.net,27118775,58841 Jonathan Mountain Suite 018,South Donald,OR,,09/07/2024,1335.0
a76c11cb,leslie,Price,qrobinson@example.com,67051920,13649 Bird Cove Apt. 419,TINAFURT,TX,91428,2022-08-26,1766.19
b0b862ef,john,Bruce,yvonnecastaneda@example.org,83169835,9594 Johnson Village,Hillshire,VI,90390,2021-12-08,3778.77
1221cddf,Jeremy,Davis,garciamichael@example.com,23508784,2218 Chelsey Expressway,Bellborough,SC,98578,2022-10-22,3060.26
ff9ab5c2,Anna,Garcia,williamanderson@example.com,76914150,54278 Carr Valley,Lake Lisaport,TN,14078,2022-08-30,3525.81
c161b06c,Daniel,Miranda,robert24@example.org,48782234,0176 Reese Walks,South Benjamin,KS,,2022-09-06,893.96
9dc89e1a,Donna,Steele,arianadiaz@example.com,75849698,05336 Larsen Dale Suite 777,Kimfort,,14765,2023-01-06,1725.35
a86025bf,Tammy,Guzman,nturner@example.com,82012874,1220 Daniel Brook Apt. 037,Lake John,MP,82559,02/06/2026,
12f178bd,Joshua,Brown,dcook@example.com,24006873,71739 White Overpass Apt. 286,New Dawn,PW,58379,2023-09-21,1880.46
,George,Rogers,fernandothomas@example.net,35722924,4474 David Curve,North Cindy,KS,02101,2025-06-02,3242.07
ff84faef,Eileen,Fox,sue78@example.com,69661832,497 Susan Harbors Suite 344,Lake Janet,MD,63389,2024-06-26,470.57
c53f4f7e,James,Rogers,lawrencesmith@example.org,38782646,,Jamestown,RI,12551,2022-01-01,-2223.96
939b462d,James,Williams,zsmith@example.net,68182169,6159 Alvarado Crossing,Williamchester,MD,53244,2024-01-13,3049.56
b66f3507,Paula,,wrightheather@example.net,26657684,111 Walters Corner,Acostahaven,RI,21459,2024-09-27,475.11
33f60730,Wayne,Cohen,james27@example.org,74593419,385 Stevens Ports Apt. 147,ISABELLAPORT,MO,,2023-01-04,1188.98
8bb4995a,Kenneth,Walters,erica50@example.net,95581282,00996 Kevin Summit,,FL,21597,2023-01-31,474.34
b2cf952d,Eileen,Anderson,collinsnicholas@example.com,22687209,816 Smith Inlet,East Matthew,WI,64237,2023-02-25,20.76
37ec07a6,Stephanie,Montgomery,wbarajas@example.net,64485581,57399 Susan Springs,Patrickville,MS,34132,2026-02-11,4402.8
20bc2fa0,Victor,Mcpherson,julie64@example.com,76252786,562 Doyle Overpass Apt. 870,,HI,05201,2025-07-09,2265.51
c6c55054,Regina,Craig,catherineflynn@example.com,93086573,16682 Chen Trail Apt. 270,North Robert,WV,73190,07/07/2025,3037.23
a7faf009,Cindy,Chavez,jasonwilliams@example.net,99677580,0189 Davis Glens Apt. 361,Port Jaredfurt,WI,53243,2023-12-11,
e57e72d3,Daniel,Barker,omiller@example.com,87344945,03093 Price Turnpike,Victormouth,AK,05356,05/28/2024,2493.36
f06fbb0f,Samantha,Zhang,middletonelizabeth@example.org,65605061,88209 Susan Plains,North Tracy,GU,03879,2024-08-30,712.98
,Scott,Smith,,54363417,43275 Mccormick Harbor,PORT KIMBERLYFORT,NJ,97093,01/12/2025,3945.33
4d2ce796,Andrew,Welch,arthurbrady@example.com,29672761,41118 Smith Summit Apt. 196,Port Catherine,,42932,2025-02-18,2160.33
2e183554,George,Miller,pharvey@example.com,43719645,74740 Santana Springs,North Scott,MI,77515,2024-01-24,4363.44
49c10669,John,Martinez,robertbauer@example.com,41589320,79808 Jennifer Highway,,,75299,2025-01-23,409.76
a42d10f5,James,Fox,james18@example.com,76439221,,Lake Michaelberg,VT,56552,2024-08-30,4568.3
59225b53,Gregory,Cline,wtownsend@example.net,47209446,98365 Sarah Branch Apt. 758,North Brenda,MA,12835,2024-08-28,707.51
4dfa6a17,linda,Rogers,inavarro@example.com,33685264,5705 Mckinney Path Suite 148,East Tiffanybury,TN,19065,07/22/2024,3523.15
4795cd1d,Shannon,Duncan,lisale@example.org,84121986,3227 Gregory Parks Apt. 885,Evansside,PR,74928,2021-12-04,3052.06
aebbf69f,Brad,Madden,figueroajohn@example.net,49508612,14629 Nash Fork,,MI,61564,2025-07-03,4904.29
18bafcc9,Laura,Rivas,jenniferwilliams@example.net,35808245,5839 Sarah Locks,Martinezborough,CT,47238,2024-04-08,3160.61
96a0c726,Rachel,Morris,sotomisty@example.org,58381841,7551 Robin Inlet,South Amy,WV,03351,04/02/2025,2921.78
1017ab44,Joseph,Young,aprilmoody@example.com,72229779,0051 Davenport Greens Apt. 665,New Johnbury,NC,53695,2024-07-09,4754.88
afc2ccfc,Scott,Robinson,taylordavid@example.net,35667790,6523 Newman Gateway Suite 043,Lake Peter,SD,07653,2023-07-22,4431.82
c3245e35,,Roberts,millertristan@example.com,98175951,9473 Roberts Walk Suite 317,Harryfort,TX,14286,11/21/2024,3249.7
79eef2c0,Stephanie,Lambert,sandraschultz@example.com,44586082,539 Dawn Lane,Valdezside,PR,57774,2023-07-04,4838.81
705faecd,Valerie,,joshua68@example.net,99554178,1465 Cynthia Club,North Frederick,AR,11587,2023-12-14,1845.53
,Stacy,Hayes,jacobbrown@example.org,44727108,6791 Christopher Corner,Martinezland,MA,04389,2026-07-02,4590.5
7f2984f5,Marissa,Leach,catherinegomez@example.net,58306107,421 Kyle Mill,New Michaelberg,CO,39181,2024-04-19,2000.97
a0c69223,Isaac,Davis,amybrennan@example.net,71927464,5189 Morrow Bridge Apt. 845,Jenkinsburgh,CT,29058,2022-11-01,79.45
6f92f25e,Todd,Price,dramsey@example.org,92465339,9901 Taylor Mountain,North Jorge,MD,28243,2025-05-21,706.76
1b66b5a9,Julia,Moore,cassandra53@example.net,27774733,740 Cynthia Village Suite 005,Lake Tina,GA,97655,04/11/2025,-3867.61
34fa32b6,Linda,Hudson,candice25@example.net,56238752,9481 Sydney Turnpike Suite 042,East Dustin,MD,32948,2024-11-10,3970.74
859131d2,Tammy,Nelson,umarshall@example.net,29812796,3147 Karen Port Suite 507,Hunterborough,MI,34363,2024-05-31,772.68
2e39c29a,Robert,Jones,vrhodes@example.org,65691510,165 Mary Drives Apt. 177,Fullerview,PA,86747,2021-07-27,313.52
e9eba9fe,Cathy,Camacho,zharris@example.org,54413754,71597 Davis Cove Apt. 097,East Jamesfurt,LA,27487,2023-07-03,391.13
62699a44,Stephanie,Meyers,imartinez@example.com,42743868,460 Michael Walk Suite 174,East Angela,MS,87104,2023-02-22,404.05
04105bd1,Robin,Anderson,lynchadam@example.org,31533549,8768 Kristin Run,New Anthonymouth,TX,,2024-07-09,795.48
ad3053ce,Christopher,Thomas,gneal@example.net,32431742,53539 Martinez Villages,Hardyview,WV,94020,2026-06-20,4731.85
2cabb9ad,Dylan,Williamson,halldiamond@example.org,87321496,508 Bruce Station Suite 405,New Jimmyville,CA,66946,2025-04-17,-2495.21
ad3053ce,Christopher,Thomas,gneal@example.net,32431742,53539 Martinez Villages,Hardyview,WV,94020,2026-06-20,4731.85
5e09f48e,elizabeth,Myers,marshalllisa@example.org,91266912,7196 Beverly Bypass,Williamsstad,DC,61830,,2774.57
837217e0,Brandon,Evans,anthonysullivan@example.com,,71210 Maria Forges,East Madison,MN,90453,2022-03-27,1380.24
297eb3f4,Ryan,Rice,christopherjohnson@example.net,32286194,02056 Matthew Springs,Leeborough,OK,62594,,3215.27
9c8379ae,Jeffrey,Cunningham,vtaylor@example.org,85881096,5215 Smith Fords,Lake Carlos,KS,14661,2021-07-12,4714.28
a1d8507b,,Pittman,brandon89@example.org,68386314,61284 Clark Parkways Suite 547,Johnmouth,MA,28107,2025-06-06,3886.41
5145c6f8,matthew,Haley,zallen@example.org,75477553,96262 Strong Path Apt. 631,New David,OK,51882,2023-09-25,-3719.11
1e92c0ae,Brian,Walsh,edwardsmichaela@example.com,67076511,905 Hurst Extension,Zacharyfurt,MT,88020,2022-01-16,2541.5
f1bb5d9b,Erin,King,alexanderwise@example.net,36163827,9183 Martin Meadow Suite 488,Willischester,WV,95875,2022-04-11,205.32
1691c83a,Darren,Davis,lopezbrittany@example.org,24776427,35713 Hood Row,LAKE KATELYN,DC,41197,2021-12-21,3372.29
40afbf3f,,Espinoza,mjones@example.com,77386143,868 Krystal Lake Apt. 135,Lake Cheyenne,OK,85046,12/01/2024,
032e2730,Heather,Russell,davidphillips@example.net,27209138,74279 Tiffany Mountain,Port Jacqueline,HI,49052,06/20/2025,4165.87
2cfaa174,Jonathan,Ford,jcampbell@example.net,96133471,52732 Adam Wall Suite 766,Wallerstad,MS,64667,2024-02-20,4789.03
f4d375c1,Andrea,Martinez,christina18@example.net,62356718,922 Kirby Port,Port Michelleland,AZ,84577,2026-06-04,4405.51
30efcbd3,Teresa,,woodmichael@example.com,93591599,177 Jenkins Knoll Suite 851,South Ross,HI,72951,2022-11-26,3768.92
a5135ea0,Michael,Sanders,tammyrush@example.com,23342104,390 Kristin Gardens,Port Anne,,73142,2023-04-13,
311d2ed4,Melanie,Johnson,erin70@example.com,58739394,6641 Simpson Path,Lake Jeffreyview,PW,55559,2026-01-18,577.95
54fd9ad3,Molly,Sawyer,dgarcia@example.org,99352133,2174 Hanson Locks,Port Markside,MS,42006,2025-09-02,4890.14
3f4b1a70,Mary,Ramirez,rsims@example.com,83742084,434 Flores Plains,East Edwardfurt,UT,20529,2023-05-04,1062.8
da78f4c5,Hannah,Robertson,mccarthysara@example.com,91682494,19918 William Expressway Apt. 352,Jeanhaven,NM,96518,05/13/2022,4160.54
f85b6d0a,Joshua,Hunter,ppowell@example.org,29697882,9717 Stewart Parks Apt. 166,New Andrealand,WY,79695,2024-02-10,4113.43
55c34853,Lindsay,Nelson,bakertheresa@example.net,91515082,7850 Villarreal Expressway,Ericville,MH,75724,2022-07-02,4588.18
932d1648,Adam,Thompson,hansenwesley@example.com,35109056,489 Benson Lane,Carrillomouth,WI,60643,2025-06-09,379.67
04b40ac9,Michael,,joel84@example.org,27739889,0843 Matthew Lock Apt. 168,South John,FL,56398,2024-03-05,2315.26
a9320094,Kenneth,Griffin,cjackson@example.com,87739565,59640 Emily Lodge Suite 820,,WY,57933,2021-10-25,1588.69
d4a057a7,Courtney,Garcia,melissa91@example.net,46219085,8651 Smith Manor,Garciastad,SC,60759,,
57c5982c,tara,Chavez,devonmorrison@example.net,95465397,858 James Road Suite 522,Jenniferstad,OH,63464,2026-06-23,1618.3
243012da,,Barnes,baileyhenderson@example.com,65159977,274 Jacob Ville,Harveystad,AL,64019,2022-09-06,4170.29
27afbff9,shannon,Weiss,shawn86@example.net,95482317,95935 Dominique Plain,Leefort,WI,72782,2022-10-30,2994.2
55b85720,Carol,Shelton,patriciamcdaniel@example.net,91642816,1475 Cochran Station Apt. 022,Dylanmouth,VA,63210,02/03/2022,4185.07
d8e7012f,Daniel,Bruce,danny49@example.org,75337735,998 Chelsea Shoals Suite 024,Sandrastad,AL,24278,2022-09-27,2340.45
93432c76,Kelly,Sanchez,laurenmadden@example.org,22618202,1376 Miller Points Apt. 579,South Kristie,IN,75125,2022-08-02,2083.95
0c9ea060,james,Gonzales,kim47@example.org,58263594,9082 Gallegos Mission Apt. 812,SOUTH ROBERT,NV,03766,2023-01-15,1560.64
b70510f8,Robert,Lane,jacquelineyoung@example.org,58353352,58721 Rhonda Lake,West Steven,MP,72787,2025-02-06,1463.45
b0916fb7,Lynn,Ellison,,62858141,5933 Shepherd Course,Carrollborough,VA,10619,2024-04-12,3177.58
f76c432e,Nicholas,Zavala,eric33@example.net,37617937,76420 Rogers Springs,Mooneyfurt,MO,09915,2026-01-03,2547.36
40b3af7c,James,White,yorksarah@example.net,55144986,814 John Flat Suite 552,North Justin,CA,25863,2024-03-22,1537.97
c777a07f,Christopher,Santana,ashleyjackson@example.com,34944114,44472 Gary Harbor,EVANSLAND,MN,33491,2023-08-14,1281.07
3150e60d,Joshua,,tsilva@example.com,57169341,8831 Dakota Forge Suite 249,East Laurashire,SD,50694,2024-04-29,2012.92
b864a47b,Christine,Avila,haynescharles@example.net,96684937,4914 James View,,DC,98379,2024-11-04,3456.14
8989c5ab,Phillip,Anderson,maryavila@example.com,78987658,868 Morrow Gateway Suite 524,,AZ,87034,2025-01-31,4869.45
7f53a88e,andrew,Landry,nlevy@example.net,67792697,04797 Herrera Vista Apt. 624,Kathrynstad,AZ,53006,2021-12-14,4695.26
9b1872ac,Donna,Johnston,david59@example.net,31676067,961 Anthony Street Apt. 311,Villafort,MD,30848,2023-07-14,1996.82
f85b6d0a,Joshua,Hunter,ppowell@example.org,29697882,9717 Stewart Parks Apt. 166,New Andrealand,WY,79695,2024-02-10,4113.43
55a8d6a1,Lori,Martinez,scottperry@example.org,35422582,5482 Joseph Stravenue,Wardbury,FL,99225,2026-01-09,3725.5
39cbc41a,Joshua,,nicholasgarcia@example.org,55545668,497 Allison Squares,ANDREAVILLE,MH,,2022-12-21,3764.43
011c4544,Alyssa,Williams,,67309817,922 Paul Rapid,Williamfurt,MT,80323,2023-08-19,3875.46
d3d4ddd3,Carolyn,Hughes,martinezmitchell@example.org,27902336,30453 Lisa Road Suite 337,Benjaminfort,MH,92781,2023-04-19,1367.79
fe7ee362,Brian,Shannon,ajohnson@example.org,,656 Kane Lane,Millerside,DC,,2024-06-23,3338.0
34fa32b6,Linda,Hudson,candice25@example.net,56238752,9481 Sydney Turnpike Suite 042,East Dustin,MD,32948,2024-11-10,3970.74
,Kimberly,Arnold,gonzalezterrence@example.org,29866438,6605 William Grove Suite 463,South Antoniotown,FL,49575,,1373.35
a091e5b4,Dylan,Larson,renee11@example.com,47379751,548 Stark Bridge Suite 162,New Brianna,WV,13634,2022-06-02,144.56
6f669013,Kiara,Hebert,twilson@example.org,57026304,4762 Gates Rapid,Port Justin,TX,25321,01/28/2025,88.75
a4f0708a,melissa,Stuart,dcasey@example.org,21516464,416 Powers Course Suite 231,New Elizabethshire,WI,69347,2023-08-30,1225.41
4b7e42df,Mark,Brown,hollowayjeffrey@example.com,98123273,0891 Bautista Glens,PORT SCOTT,MD,35732,2023-04-03,3796.62
ae61716a,Anthony,Watson,ethompson@example.net,74457211,2414 Paul Estates Apt. 333,Denisehaven,,89918,2021-08-05,1398.5
f610f40d,,Ramos,edwin31@example.org,97408242,99499 Caitlyn Fort,West Christopherfort,DC,66341,2025-07-04,3802.35
,Robert,Sellers,hollowayholly@example.net,23833370,6985 Neal Track,Lake Darlenemouth,WY,84531,09/04/2022,4937.76
3b5d5c9c,,Contreras,zrobles@example.net,96106055,741 Daniel Throughway Suite 675,LAKE ROGER,HI,61414,2024-03-25,
29d0c613,Brian,Cervantes,gcombs@example.com,38814404,5588 Cooper Loop Apt. 593,Port Justin,MD,88737,2025-11-10,-3131.32
,Darryl,Patton,janet50@example.com,99863434,73574 Alicia Extensions Apt. 503,South Williamfort,MH,66044,2022-10-30,2238.27
8f9797b0,Alec,Jones,amydavenport@example.net,39754814,2045 Rachel Fords,LAKE CURTIS,WI,73886,2024-12-22,4333.75
e599bd3c,Frank,Taylor,nrodriguez@example.org,98243506,63735 Katherine Cape,Port Patriciamouth,TN,77743,2025-10-22,2183.08
4af715b7,Thomas,Martinez,mark68@example.org,55673369,019 Timothy Spurs,Ronaldmouth,KS,69365,2026-05-30,1924.09
82ece8aa,Cassidy,Barnes,lesliefrench@example.com,25206968,314 Amanda Spur,Jonesland,MN,44215,2023-11-04,3385.05
eadc9960,Lisa,Johnson,gonzalezdebbie@example.org,38305681,1070 Sandra Meadows,Crawfordfurt,TX,56424,2022-12-27,1180.12
ed174fdd,Christopher,Pearson,robert72@example.org,94535901,,New Hectorfort,RI,12038,2024-01-30,3198.3
b020321b,Cameron,Torres,geoffrey85@example.org,61337070,698 Adams Square Suite 905,Hudsonmouth,OK,13310,2025-09-03,1094.18
f358206d,Christy,Ramirez,rhondaskinner@example.net,62285961,8315 Barry Freeway,SANTOSMOUTH,DE,03291,2025-10-06,3076.0
352b6ec8,Haley,Castillo,aaronpowers@example.org,51774978,18114 Stephen Hill Suite 701,Port Benjamin,LA,47715,2024-03-06,518.49
fee91972,kelly,Weeks,alexandra95@example.net,,48395 Kennedy Fords,Saraberg,GA,69232,2025-07-20,1975.58
eadc9960,Lisa,Johnson,gonzalezdebbie@example.org,38305681,1070 Sandra Meadows,Crawfordfurt,TX,56424,2022-12-27,1180.12
483fca72,Todd,Hodges,christinadaniel@example.org,49508167,1436 Thomas Tunnel,Lake Jessicaburgh,ID,77990,2022-10-14,
3b30ee97,Laura,Kelley,robertcastro@example.com,91724824,66341 Garrett Path,Justinside,AS,35736,2025-01-11,4620.32
2790cebd,Sara,Young,theresacochran@example.com,83848428,56342 Patrick Camp,WALKERMOUTH,MI,40502,06/16/2023,3182.07
aba4fc03,Stacy,Horton,umatthews@example.org,57024608,,Sampsonstad,CT,90374,2024-08-23,45.88
34b6685d,Matthew,Shaw,garrett45@example.com,93416942,1834 Williams Ports,Ballardland,VT,76285,2022-04-29,505.78
586a346a,Theresa,Anderson,zachary15@example.org,67269666,47321 Kelly Lights Suite 325,Jamesburgh,NM,67967,06/28/2025,49.04
68e8f311,Danielle,Rodriguez,williamssharon@example.org,88526280,17310 Barrett Pine,Brandonbury,PA,94590,2022-02-14,3022.53
3cf29ade,Carol,Mejia,mark96@example.net,49054362,3212 Tara Mill,,AR,64773,2026-01-21,352.36
ada59cb2,Marcia,Lam,zoliver@example.net,47432591,71162 Mullen Club,East Joshuaberg,NM,20227,2023-04-04,4517.98
6c65659d,Wendy,Barker,adennis@example.org,34587022,277 Tammy Passage,LAKE JASONFORT,AZ,98345,2022-11-08,583.28
,Wendy,Maddox,walkerkeith@example.com,74282713,51790 Baker Locks,Ayalaberg,WV,18178,2025-08-11,4290.09
4728ddf6,Brianna,Evans,brownmelissa@example.com,36143762,66703 Nicolas Shoals Suite 804,New Kathryntown,PW,80289,2024-05-18,2963.12
ff84faef,Eileen,Fox,sue78@example.com,69661832,497 Susan Harbors Suite 344,Lake Janet,MD,63389,2024-06-26,470.57
df629d0c,,Murphy,patriciavargas@example.org,83811132,0078 Ronald Lock,Pachecoville,NV,65419,2023-07-26,2833.99
3967e60a,david,Harris,joelsnyder@example.com,31098508,8291 Kyle Stravenue Suite 866,East Teresaland,NV,61558,2025-12-02,-3109.58
58007c02,ronald,Reese,michael74@example.com,84908668,13518 James Streets Suite 498,Tinaborough,LA,30317,2024-08-03,2650.28
,Kimberly,Lane,silvageorge@example.net,73085325,30913 Scott Manor Apt. 636,Salaston,,18599,2025-12-06,2531.99
5ac92db2,John,Gregory,ghenderson@example.com,91896236,429 Shelton Islands Apt. 342,Spencerport,ME,11720,2024-01-18,3342.52
5e368127,samuel,Ross,ykline@example.com,56921651,7584 Jessica Common,Morrisonburgh,ND,39005,2024-04-01,3100.71
8c7e2904,Timothy,Blair,heatherbarnett@example.com,73586296,2043 Brown Shoal,North Paulview,TN,87021,2024-08-01,588.45
d0e6e660,chad,Hodges,davidalvarez@example.net,28773615,8963 Jennifer Locks,Samuelhaven,NV,16361,2023-08-18,3493.72
b8943df8,Brad,Wilson,ibentley@example.org,43378555,02707 John Run,North Gerald,AR,,2022-05-07,3193.14
db576a7f,jennifer,Johnson,trobles@example.net,44412335,71783 Jason Terrace Apt. 160,West Raven,WI,37248,2023-05-24,2917.87
a8164d18,Chase,Wright,,33564216,4584 Alison Grove,Heidihaven,CT,07578,2024-06-19,3178.93
dca524f2,Earl,Silva,qwalsh@example.org,91353068,774 Barton Orchard,North Joseph,LA,93743,2022-03-23,345.49
bcdd0b48,robert,Gonzalez,charlesrichards@example.org,33427248,39726 Taylor Stravenue Apt. 543,Davidshire,AR,37280,2022-09-06,2863.89
6d283989,John,Stout,hgarcia@example.org,23624533,,East Johnland,KY,19196,2021-08-19,4176.47
0227b8d5,,Clark,nguyenchloe@example.com,85618253,434 Mullen Junctions,Ivanchester,IL,55432,2024-09-07,1493.79
46af040d,,Moss,mannleroy@example.org,83543616,85380 John Radial Suite 334,Hernandezburgh,VA,65607,2023-12-04,4069.25
28874d02,Michael,Foley,,75783126,25957 Joshua Track,Sandraland,PW,85060,08/19/2025,3063.62
4a7d6fa1,christopher,Davis,juliewilson@example.com,82322388,6904 Brittany Field,Whitneymouth,WI,48345,2022-08-05,1554.81
e94d4fbe,Zachary,Townsend,stucker@example.net,66691166,8112 Courtney Fords,Port Gina,MP,14122,2023-04-08,2587.97
c2e41a50,Walter,Daniel,thompsonbradley@example.net,98255911,862 Larry Points,Davidmouth,OK,91765,2022-04-02,2379.71
6fc0174f,samantha,Allen,chapmanjeremy@example.net,54549501,30102 White Cape,Michaelbury,LA,,2024-11-25,4475.68
20775ce4,william,York,,77418994,19292 Wood Extensions Suite 372,West Traceyberg,PA,20705,2025-09-26,4363.19
8914bc96,James,Moore,oheath@example.com,66068710,5638 Shelby Camp,Port Shelbyville,NY,52659,2025-08-23,1435.88
4fe898d8,Danielle,Clark,jameshill@example.com,85666272,142 Joshua Bridge Apt. 385,Josephport,OK,32590,2022-12-23,-4349.31
2eb23ca3,Derrick,Rodriguez,rwilliamson@example.net,55352880,50208 Jacob Cove Suite 427,East Christophertown,NM,28968,2024-06-05,2727.37
dea45c19,Jesse,Schroeder,ramireztracey@example.org,71729423,10205 Brianna Brook Apt. 402,Foxland,NJ,59257,08/06/2024,1197.64
4e08ab81,Sarah,Haley,wallspatricia@example.com,,0975 Gomez Avenue,Pamelaburgh,MO,46970,2021-08-05,270.38
d173b70b,,Jennings,katherinefarrell@example.org,89331601,92405 Kevin Mountains,West Jasonside,IL,27213,03/02/2026,2279.58
91ed554a,,White,xreese@example.net,28835415,761 Laura Plaza Suite 852,Mahoneymouth,OH,43054,2024-09-05,2885.47
102f4f5c,David,Thomas,xjackson@example.net,93949955,3902 Kylie Roads,Stricklandtown,FM,64328,2022-03-16,798.3
1cd66b09,Mark,Simon,jennifer05@example.com,86741158,96685 Richard Court,East Thomas,IA,01396,2023-09-27,
235398a6,Laurie,Gutierrez,hvillanueva@example.net,79313131,72081 Matthew Locks Apt. 606,Lake Sandraberg,MH,75809,2022-01-04,
4e583dde,Jenna,Henderson,josephdavis@example.com,71699618,369 Jeffery Ferry,Port Heatherfort,MD,86051,2024-12-18,2724.97
3b41c943,Phyllis,Meyer,stephen19@example.org,48618777,619 Ryan Curve,West Jose,MD,52006,2024-04-17,2255.85
2c8b2151,Jessica,Cruz,dnielsen@example.net,96387730,01759 Sandra Islands Apt. 762,East Johnny,NV,89479,2023-12-14,3848.13
02571851,Jeffery,Bryant,williamsonelizabeth@example.net,53281387,700 Smith Pines Suite 840,Drakeburgh,CT,13125,12/24/2025,
9e11d2cd,Casey,Welch,wendy16@example.org,42318787,2400 Flynn Hill,Nicholasberg,IA,70122,2025-01-09,4734.77
709de505,Alan,Johnson,,67664453,149 Ashley Mill,West Katie,KY,34519,2025-09-23,3837.13
d23525df,danielle,Rodriguez,ashley72@example.net,85978242,999 Cameron Crossroad,East Jordanshire,PR,30380,2025-12-20,2076.78
bb8aa843,Robert,Jackson,,68717389,79327 Lauren Bypass Suite 054,North Matthewfurt,GA,96443,2022-02-27,4268.71
11d059b2,Donald,Schultz,davisalyssa@example.com,27892612,5254 Frank Port Apt. 022,Lake Christophermouth,TN,56077,,312.46
53238aff,Shawn,Johnson,erodriguez@example.com,84953492,5992 Richard Station,West Angelaland,WY,40100,2026-01-19,2481.69
,David,Smith,thomasnicole@example.net,41768692,12679 Hanson Motorway Suite 876,Jeremiahchester,PA,01474,2026-06-08,3909.81
39b02e2a,Kevin,Zimmerman,jmelendez@example.com,79017745,826 Jonathan Isle Apt. 751,North Joseph,TX,79795,2021-11-08,4013.15
54b4a482,Amy,Perry,marissaprice@example.net,73179179,670 Evans Loaf,Medinaside,AS,79570,2023-05-25,1984.2
ebf45b9d,Stephanie,Guzman,xrodriguez@example.net,66874705,82154 Turner Oval Apt. 229,Williamsport,FM,37657,2023-05-09,4038.03
85c7f3be,Robert,Nichols,parmstrong@example.com,88413704,60898 David Throughway Suite 223,East Brad,CO,90039,2025-03-22,4204.12
69fb2fe6,Gary,Dickerson,jessicastanley@example.net,,26111 Kelley Burg,Warrenland,CT,34901,11/03/2022,791.1
15eacbcf,Alexandra,,myerstheodore@example.net,41702113,4051 Allen Shoals Apt. 952,West Amyburgh,MP,90243,2025-06-21,
431d029f,Brenda,Carson,daniel37@example.org,53302049,317 Banks Crescent Apt. 004,Wilsonbury,FM,70958,2022-09-03,1697.05
8b22e445,Lindsey,Franklin,lyoung@example.net,46105781,,East Eddiestad,AZ,19555,10/17/2021,2549.27
8011316b,Angelica,Barnett,charles06@example.org,,59696 Roberts Lodge Apt. 529,Collierstad,CO,57741,2022-06-02,709.51
3170f437,,Ramirez,rasmussenjoshua@example.net,72667065,850 Natalie Green Apt. 940,,NE,79958,2025-11-13,1782.8
11d059b2,Donald,Schultz,davisalyssa@example.com,27892612,5254 Frank Port Apt. 022,Lake Christophermouth,TN,56077,,312.46
6f14b3f6,Deanna,Rivera,jacobsonsamantha@example.org,,974 Sandra Spur,,TN,04813,2023-01-17,2004.4
397e8bfb,Brian,Taylor,nicholasjohnson@example.com,27296780,19179 Anthony Lakes Apt. 131,New Mariahchester,FL,24411,2025-07-07,1210.42
96418ced,Bethany,Keller,seanwashington@example.com,59992290,5339 Hall Trail Suite 057,Hughesberg,NM,05353,2022-08-05,437.41
9c425665,Catherine,,,38906447,171 Edwards Hill Apt. 149,Michaelland,HI,93647,2025-06-09,675.71
6e3b0507,Margaret,Morris,annalewis@example.net,45819502,7760 Tonya Ranch Apt. 824,West Traceyborough,PR,41776,2021-09-14,3261.03
66ba7e51,Benjamin,Mooney,ronaldjensen@example.org,59368391,6843 Matthew Neck,New Ronaldton,ME,14926,2023-10-23,4424.3
73b6a09b,William,Dougherty,acostaregina@example.net,93199834,0076 Parks Overpass Suite 115,North David,RI,83479,2026-07-01,-670.24
65339cf0,Denise,Gonzalez,johnadams@example.com,75219117,911 Henderson Keys Apt. 559,Port Kevinstad,RI,58462,2022-10-05,1448.21
3da8b37a,Randy,Turner,denisebennett@example.net,42582264,6475 David Corner,South Darlenehaven,IN,03519,2026-07-06,1486.0
6f88e2c0,Jeremy,Miller,lisa80@example.net,41313339,0104 Joseph Spurs,Nelsonburgh,DC,76975,2025-06-09,4244.86
9a70ea8a,Kenneth,Knapp,rodriguezvictoria@example.org,65258905,998 Tammy Summit Suite 014,Miguelfurt,GU,09370,2025-02-25,4901.42
35a7ac9b,Ryan,Cook,vwilliams@example.org,63037302,07811 Jennifer Ramp,Robertmouth,IN,14936,2024-04-17,4268.14
27a158a0,bill,Mcfarland,,72868988,9851 Fox Ferry Apt. 826,Davisbury,FM,28465,2024-05-05,-1068.48
,Elizabeth,Green,davisrachel@example.com,,35677 Tammy Mews Suite 960,North Jennifer,OR,81308,2022-10-01,4430.09
75656daf,Robert,Wolf,oliviamunoz@example.net,68165837,831 Vincent Overpass,New Thomas,NH,37092,2021-08-23,119.48
97f483d6,Barbara,Graham,pwells@example.com,46367229,576 Williams Wells Apt. 816,Schroedershire,MO,78236,2021-10-05,747.4
97f483d6,Barbara,Graham,pwells@example.com,46367229,576 Williams Wells Apt. 816,Schroedershire,MO,78236,2021-10-05,747.4
0a88e6ca,Victoria,Andrews,lgreen@example.org,64347807,552 West Estates,Davidtown,MO,65960,2022-10-03,886.44
,Sheila,Newton,alexis72@example.com,74179444,64807 Cynthia Route Apt. 033,Hortonburgh,PA,49988,2023-05-11,1997.14
fd411a05,Kathleen,Hernandez,uperez@example.net,33498138,3898 Sharp Mountain,,PR,25122,2025-03-02,2948.47
dfc620ce,Nathan,Villa,mitchellkathryn@example.com,26939883,,JOELAND,MN,29931,2021-10-04,314.18
ed56c714,David,Hart,lvasquez@example.net,49842143,430 Andrew Road,Lake Melaniechester,MT,06463,2024-05-11,1388.47
cb2cc805,,Ramirez,rgarrison@example.org,82388564,47546 Jacob Forest,Figueroahaven,VI,49510,12/30/2021,916.83
c4576cc3,Ashley,Montgomery,jimenezcourtney@example.com,54785669,3647 Haley Estate Suite 677,West Catherine,MD,,03/27/2024,797.16
c926a021,Justin,Nichols,natalie46@example.net,87061444,970 Joshua Divide Suite 065,North Julie,PW,35704,2024-09-08,428.9
b380c73a,,Peters,christophercortez@example.com,49117916,777 Christopher Forges,HOLTPORT,TN,76726,2024-08-28,2986.08
6d7fd4e2,Kenneth,Williams,lowerywilliam@example.net,67399984,1794 Scott Common Apt. 172,Port Phillip,CO,55059,2024-01-19,3563.64
dbb464a3,,Moore,jessicahamilton@example.org,95591086,72722 Ashley Stream Apt. 404,EAST LISA,TX,80169,2023-02-12,4530.23
b9ff2c29,Jennifer,Parks,qknox@example.com,28721508,82417 Joyce Stream Apt. 513,Jeffreyport,MT,43927,2024-09-05,4748.56
cba20d38,Andrew,Jones,,38447955,24029 David Junctions Suite 799,EAST AIMEEVIEW,DE,25777,,403.85
b9493906,Annette,Levine,april91@example.com,71709289,5628 Alexander Estate,Christianburgh,CA,98992,2025-09-13,-3241.24
71cb19b3,April,Hall,marshallchristine@example.com,81216321,6657 Nelson Burg Apt. 734,West Rachelport,MP,66268,2025-11-18,867.65
3d563b0e,Shelley,Ortega,wbishop@example.com,29086482,76209 Misty Harbors,West Shannon,TX,86861,2025-07-24,338.9
55a15414,,Higgins,abigailfernandez@example.org,89881842,848 Sherman Estate,NORTH PAMELASIDE,OR,34408,2023-07-28,4842.31
e46a0b42,Matthew,Wallace,anthonyberger@example.org,,0166 Janet Ramp,Jensenport,MA,26472,2026-01-21,1175.48
311d2ed4,Melanie,Johnson,erin70@example.com,58739394,6641 Simpson Path,Lake Jeffreyview,PW,55559,2026-01-18,577.95
09b7fdf7,Christopher,Hall,andrewwoods@example.com,95252020,52500 Brenda Divide,Port Aliciastad,CA,,2024-11-19,1042.1
d7282d30,john,Deleon,qtownsend@example.org,94769507,,North Chris,PR,47870,2023-04-16,1340.94
4ab7706e,william,Hill,pbaird@example.com,34716038,3982 Joshua Turnpike,Morganhaven,KY,00837,2023-12-04,1204.87
e0389eb7,christopher,Black,aaronjones@example.net,72943610,206 Austin Roads,Lake Michael,,86607,2023-01-19,2496.35
48ded8be,Michael,,fsawyer@example.org,43638894,674 Linda Manors Suite 299,East Jaredfort,VI,69353,2024-05-16,4837.25
c8b3815e,Lisa,Reilly,conleykevin@example.net,23895891,803 Marsh Underpass Suite 124,West Tonyaside,MP,22254,2026-05-17,
2c8b2151,Jessica,Cruz,dnielsen@example.net,96387730,01759 Sandra Islands Apt. 762,East Johnny,NV,89479,2023-12-14,3848.13
10cc4604,larry,Hunter,kimberlywarren@example.net,64886363,33030 Williams Lake,West Micheal,NH,66708,2024-11-23,1066.18
89718eea,Jacob,Nguyen,qwilson@example.com,87933851,696 Michael Vista Suite 924,LAKE DENNISVILLE,IA,40527,2022-07-07,3081.42
59aa7cd5,Ryan,Turner,andrewbrown@example.org,62683653,087 Paul Lane Apt. 668,NORTH SAMUEL,MH,81195,2024-08-24,1620.08
cdfd9531,Kathleen,Ramsey,timothybooth@example.com,53733608,33173 Randy Garden Suite 467,,NY,65680,2025-06-25,3939.0
973d1855,jeffrey,Foster,sstewart@example.org,87586381,729 Thomas Shores Apt. 954,West Wendyshire,NJ,83217,2023-05-10,4067.79
e4354021,Kelsey,Quinn,dennis88@example.org,63362976,8039 Katherine Dam Suite 229,Lake Jessica,MI,05798,2023-05-19,3609.21
209515d5,Christine,Yoder,brian62@example.com,69713580,8701 Joseph Run,West Brookeport,OK,63607,2024-05-03,3561.93
bd0b0fa2,Carrie,Parsons,kellythompson@example.net,84441470,28160 Ramirez Greens,East Brandy,KS,01240,2024-05-01,2476.59
,,Heath,mserrano@example.org,72835952,9908 Christopher Shoals,New Amber,AL,89441,2025-03-10,80.6
aa1cd2d8,Cindy,Hughes,cmorgan@example.net,68196062,412 Ashley Underpass Suite 818,East Stephanieside,OK,99803,2021-12-20,4608.47
e1301617,Nicholas,Walton,fking@example.com,68648019,805 Debra Tunnel,Port Anthonybury,ID,03172,2022-10-25,4490.14
c53f4f7e,James,Rogers,lawrencesmith@example.org,38782646,,Jamestown,RI,12551,2022-01-01,-2223.96
4d407b28,Marcus,Daugherty,fconner@example.net,,89539 Nicholas Street Suite 220,Rosalesshire,AZ,24366,2024-03-23,4285.09
31a580d7,Kelly,Powell,alyssa78@example.com,46427012,031 Darius Camp,Johnside,CT,36606,2023-06-12,1996.19
7832b59c,Kyle,Cooper,tara89@example.net,64352965,,Port Casey,ID,88038,2025-07-26,48.57
314b4d36,Mackenzie,Ward,thomasronald@example.com,52588900,06273 Miller Springs,Chapmanhaven,WI,52245,2023-10-06,1128.98
114a9827,,Randall,danascott@example.com,63163248,972 Devin Cape Apt. 249,Palmerstad,ME,77003,2026-02-14,3823.16
d77fbeeb,Juan,Serrano,josemercado@example.org,74608434,,Amyside,NJ,86210,10/13/2022,1361.87
bd673458,Steven,Johnson,moorekevin@example.net,91773306,46273 David Harbor Suite 195,Cunninghamview,SC,90404,2025-07-27,
c0f63229,Joseph,Rivera,greenmichael@example.org,46581590,174 Richard Parkway,HANNAHPORT,MN,81061,2023-05-26,4174.63
b3ab800b,Matthew,Salazar,kpope@example.com,93043009,07272 Hanson Shores Apt. 474,Port Kennethmouth,,28986,2023-12-05,687.28
ae340454,Robert,Brown,dcarlson@example.net,26744257,018 Mack Junctions Apt. 462,Smithview,NY,23917,2025-11-02,3582.94
a3e53892,Jason,Carroll,zbrown@example.com,38338498,3030 Nelson Roads Apt. 121,Richardport,VI,93851,2025-05-11,-194.55
a0d80651,Kevin,Johnston,moorezachary@example.net,69173858,657 Russo Dale,Glennshire,GU,43437,2023-12-01,558.53
a013ac6e,Kenneth,Fowler,ericfarmer@example.net,83258359,570 Sarah Wells,Johnbury,FM,74865,2022-03-10,2950.44
,,Chen,alexis49@example.org,65493037,00979 Nathan Corners Apt. 271,Sarahton,AR,47099,2022-10-30,2348.8
bdd640fb,Joshua,Walker,rhodespatricia@example.org,31255506,01338 Anna Stravenue Suite 379,Lisatown,WV,21427,2025-02-11,
2de1bda4,Edward,Jones,collinsjacob@example.net,76716990,751 Colleen Ranch,North Michael,OH,30127,2024-06-14,3777.28
3d175712,Brian,Miller,nwilson@example.net,38977965,2102 Frank Key,Garyberg,WA,,2022-07-10,1102.02
b26c8876,Raymond,Anderson,flarsen@example.net,35029281,,Emilychester,MO,58428,2025-02-19,2291.58
f5266edf,Latasha,Daniels,melissa13@example.org,82135720,724 Mendoza Gardens Apt. 848,NORTH MALLORYVILLE,ND,39395,05/23/2022,1195.82
356fdc0a,Diana,Hebert,mcdonalddanielle@example.com,21934750,0948 Jessica Village Suite 138,North Jessicaside,MS,25333,2023-03-01,4809.94
05628059,Brianna,,adrianzimmerman@example.org,73843547,,Lake Selena,OK,76026,2025-07-16,
abb8fe95,tammy,George,smithwilliam@example.com,38632041,5280 Jorge Parkway Suite 572,West Jenniferchester,FL,34632,2022-07-07,-2386.47
2c471336,James,Mathis,suzanne19@example.net,34355843,37676 Cabrera Road Apt. 966,New Michael,MH,83430,2022-01-24,1539.41
9736bb4f,Katelyn,Davis,rfowler@example.com,68646549,792 Jacob Light,Angelaton,GU,40083,2026-07-01,4023.12
ca1c3218,Laurie,Harding,,66042902,71147 Hall Dale Apt. 101,Gregoryburgh,MS,79745,2024-04-19,494.99
8b22e445,Lindsey,Franklin,lyoung@example.net,46105781,,East Eddiestad,AZ,19555,10/17/2021,2549.27
ceb81f9d,Richard,Davis,agomez@example.com,72042519,106 Mcbride Coves,East James,NV,18874,2025-02-08,1905.84
5dce8d9b,Gregory,Hansen,castrokim@example.org,73244115,81793 Luke Grove Suite 401,MICHAELFORT,NY,69534,2022-07-25,-3108.25
b1b9fd9d,Douglas,Perez,jasonzavala@example.com,66987242,07603 Antonio Shoals,South Davidview,AZ,09184,2024-02-01,4113.86
fd053963,joshua,Nguyen,jose43@example.org,24584673,96520 Bright Green,Sullivanton,OR,93309,2026-05-21,3254.22
314b4d36,Mackenzie,Ward,thomasronald@example.com,52588900,06273 Miller Springs,Chapmanhaven,WI,52245,2023-10-06,1128.98
af521b94,Matthew,Hines,plevy@example.net,,2522 White Plains Apt. 801,Port Adamberg,MP,83168,2023-06-28,1754.8
ea041d0b,David,Rangel,nhester@example.net,27193513,3146 Gina Ways,East Stevenville,WA,14945,2023-07-26,-3398.52
4f76e388,steven,Johnson,marie11@example.net,21954872,9807 Marc Mountains Apt. 071,Toniland,NY,85190,2022-12-27,839.89
0def4fd0,lorraine,Stone,sherryparsons@example.net,96396053,79110 Nicholas Vista Apt. 207,West Cherylchester,CA,13847,2021-12-29,236.63
8301b3a6,Kathleen,Robinson,danny30@example.com,46585813,12447 Stephanie Keys,Stuartfort,NE,67695,2024-12-02,-1612.85
00a85473,Bradley,Roy,brandoncox@example.org,35673184,86353 Moon Island,Margaretshire,,16151,2025-10-15,4009.07
6aed979f,jason,Cole,brooksbarbara@example.org,35056083,075 Perez Manors Suite 845,New Kristenberg,FL,43787,2026-05-09,3731.57
f2a83faa,Ashley,Dennis,mariahphillips@example.org,23977293,6741 Victoria Street,,VA,10246,2024-04-20,4322.18
a1b970d0,Ian,Taylor,mjohnson@example.org,55132964,54868 King Terrace,West Michael,WI,06766,05/05/2024,4708.56
0700749a,Timothy,Scott,,22553444,6588 Jaclyn Greens,West Christopher,TX,98646,2024-06-05,4057.6
b9fc829f,Roberto,Wagner,skinnerjordan@example.net,64602697,01749 Shawn Freeway Apt. 544,Lake Nicholas,WA,,2022-05-31,2893.81
db6a34ea,Amber,Williams,uwatson@example.com,87204697,2846 Karen Crossroad Apt. 867,New Michaelburgh,NH,16277,2025-12-05,3880.71
74fd33d1,Eduardo,Barry,markaustin@example.org,43785616,495 Erickson Hills Suite 055,South Brandytown,PA,62706,2023-10-11,3028.1
3ff350bf,Nancy,Jones,williamsyvette@example.org,79676635,26773 Barrera Expressway,Smithfurt,KS,60139,2023-12-12,3022.59
a021c0ca,jason,Guerrero,johnarnold@example.org,82618433,7974 Jesse Squares,Jacquelinemouth,CA,90597,2023-07-04,26.19
51f9cd77,Eric,Cordova,deborah47@example.com,49059837,751 Mccullough Dam,West Angelbury,NV,47345,2022-04-22,4383.54
dff47c51,Bradley,Moreno,shawnaolson@example.com,43801745,916 Jonathan Trafficway Apt. 149,Scotttown,VT,97972,2021-07-31,4871.73
04b40ac9,Michael,,joel84@example.org,27739889,0843 Matthew Lock Apt. 168,South John,FL,56398,2024-03-05,2315.26
a1e518a2,Joseph,Perry,yjones@example.org,47742389,457 Murphy Alley Apt. 751,Robinsonchester,GU,28268,2025-09-23,1426.09
,Elizabeth,Gray,christinaturner@example.net,46465010,4369 Marshall Mills,New Thomas,MH,96964,2022-12-18,825.38
4d2ce796,Andrew,Welch,arthurbrady@example.com,29672761,41118 Smith Summit Apt. 196,Port Catherine,,42932,2025-02-18,2160.33
e9204a24,Craig,Decker,,,47355 Shelley Union Suite 112,Port Jake,ND,50071,2024-09-13,2304.17
284e4cd4,Christopher,Hill,zgomez@example.com,23588827,,Michaelview,IN,79978,2023-03-05,579.29
b5caa993,Robert,Adkins,natalie60@example.net,59502419,62003 Christensen Estates,Francesberg,MP,08631,2024-01-11,1401.85
6683e107,alexandria,Foster,julie35@example.org,43858579,188 Rebecca Keys,Jessicaberg,IA,13975,2022-10-06,1256.53
90164161,Stacy,Miller,davidduran@example.net,68876573,677 Dalton Meadow,Ashleyton,RI,97505,2022-05-13,566.65
,Rachel,Williams,karenwillis@example.com,21939691,40578 Jones Burgs Suite 304,East Kathrynberg,ME,74982,2024-12-23,1083.51
b6658a34,Nathaniel,Neal,lwells@example.com,88267843,,Port Neil,,11610,2022-08-30,1454.68
,wendy,Peters,smoore@example.org,,805 Brendan Neck,North Susan,CO,24857,2022-02-06,2685.78
21c7c0f6,Rachel,Parker,jeremy54@example.org,78493153,4729 Jennifer Heights,East Mary,UT,87841,2022-10-28,459.77
470367f7,David,Dean,piercejorge@example.net,49513712,7146 Amanda Cliffs,Wandaborough,VT,49278,2026-04-25,3608.7
b7403274,Richard,Long,jessicasuarez@example.com,63552858,23549 Gross Court Apt. 897,,GA,41803,2022-02-09,139.31
b540b30e,Amanda,Hill,tranheidi@example.org,27962876,09477 Peterson Center Suite 711,Vasquezshire,SC,90475,2021-12-22,-3411.73
1138978b,Ashley,Schmidt,yclark@example.org,76576876,468 Gonzalez Locks Suite 987,North Courtney,NC,24951,06/05/2026,-312.14
c74cc890,Deanna,Cox,jacobserika@example.com,63096147,1928 Sanders Run Suite 310,South April,PW,74120,2022-07-09,1201.04
0dfc73c1,Joseph,Chandler,daisy04@example.com,53206781,,Rhondaside,CA,86344,,252.8
0d366dfc,James,Dunn,samuel71@example.org,27136310,248 Andrea Course,Port Robin,NH,15897,2022-10-30,2448.14
3756b005,scott,Williams,myerskyle@example.org,79846179,63353 Christopher Manor,North Matthewborough,TX,88181,,763.28
f55dce6d,steven,Salinas,jacobsandoval@example.com,42967888,937 Price Squares,East Joshua,VT,08701,2026-06-06,3328.0
4a0efbe5,Katherine,Graves,jenniferlawrence@example.net,75083142,09957 Flores Fall,Shirleyville,IN,39475,2025-09-18,
50c187fc,Richard,Jones,,33234811,,Daviston,VI,14872,,2531.72
b864a47b,Christine,Avila,haynescharles@example.net,96684937,4914 James View,,DC,98379,2024-11-04,3456.14
0bb1b984,Brandon,Davis,,84825155,6521 Russell Streets,New Lindseyberg,AK,,2024-10-08,3739.11
ebeb9d98,Alexander,Nelson,darlene60@example.net,72667438,0907 Henry Mountains Apt. 050,Lake Jill,VI,17756,2022-03-23,4953.17
48f79726,Megan,Barker,swalters@example.net,53926848,11096 Tyler Terrace,Lake Seanshire,AS,04778,2023-12-26,4312.07
dc420980,Courtney,,alyssa46@example.com,68944770,195 Zachary Spring,Pamelaville,MS,48419,2025-06-23,
e65dd443,,Rivers,bpatterson@example.org,46119482,20957 Tracy Gateway Suite 100,Maryhaven,NY,22429,10/07/2022,1941.07
862c92fd,Matthew,Barron,matthewvalenzuela@example.com,47202876,60332 Jessica Radial,North Michael,SD,05398,2024-09-16,3891.18
2fb50401,Ryan,Simmons,palmerteresa@example.net,34293430,278 Kelly Mews,Port Timberg,DC,90195,2024-01-28,337.75
c0f63229,Joseph,Rivera,greenmichael@example.org,46581590,174 Richard Parkway,HANNAHPORT,MN,81061,2023-05-26,4174.63
2b24ef63,Emily,Macias,gregoryrichardson@example.org,82654271,67625 Matthew Springs Apt. 814,Timothyview,IL,00793,05/11/2026,4008.28
bdab07e7,brenda,Sanchez,danawilliams@example.com,78893143,712 Tamara Estate Suite 773,Manuelton,PW,12226,2026-05-27,3189.2
,Shawn,Wood,jacksonmichele@example.com,36439355,12867 Paul Way Apt. 234,Meyersfort,GA,79630,2026-05-30,-977.58
bbaa6e4a,Christopher,Garcia,bennettkatherine@example.org,98825582,37106 Jackson Unions,Taylorside,,52851,08/06/2021,4128.3
dabf984e,Abigail,Wilson,jenniferburns@example.net,79151653,72867 Angelica Spring Suite 064,Lake Jefferyland,AZ,56035,2024-06-13,4495.63
27aa7cbc,Chris,Richard,romeroamber@example.net,83718454,592 Moore Falls,Lake Samuel,MT,48250,2023-07-16,1433.39
307c3f63,Karen,Shaw,martinezsharon@example.org,71063972,3397 Lindsay Rest,Richardton,NM,03550,2024-05-30,4350.61
2e183554,George,Miller,pharvey@example.com,43719645,74740 Santana Springs,North Scott,MI,77515,2024-01-24,4363.44
9798739e,Cassandra,Levy,aclark@example.org,21461637,92227 Marcus Center,New Lindsay,NE,87643,,693.81
83f4a9a9,Elizabeth,Harvey,cardenaskaren@example.net,83764598,,Lake Heather,NM,52884,2023-08-06,-3426.23
1e9d095b,Nathaniel,Quinn,brucefrancisco@example.org,59807511,7252 Joseph Manor,Brandonport,,84248,2022-03-04,4836.68
8ec61be5,Joe,Wilson,montgomerymichelle@example.net,88065097,3403 Laura Spur,Jimenezburgh,TN,06152,2021-12-23,
84868583,phyllis,Riley,ymitchell@example.com,34264960,03684 Garcia Haven,North Keith,NM,58030,2023-06-03,2337.7
2790cebd,Sara,Young,theresacochran@example.com,83848428,56342 Patrick Camp,WALKERMOUTH,MI,40502,06/16/2023,3182.07
b43bd27f,Sean,Davies,heather73@example.org,82345915,72715 Mckinney Plaza,Patriciaburgh,VT,93504,,2291.55
,Lawrence,Baldwin,,84048430,1139 Ryan Crossing,New Thomashaven,NC,58306,2024-03-19,374.14
63ba6c3d,Henry,Shaffer,iwoods@example.com,93399749,822 Nicholas Street,,VT,33152,2025-01-28,1203.45
08453b2f,Michael,Chavez,juliahoffman@example.org,93498613,066 Frye Spur Suite 800,Jamesmouth,MP,30064,2024-08-24,2853.55
b91e3d6e,Melissa,Johnson,robertmonroe@example.org,62658239,2400 Bradley Coves Suite 478,Smallberg,PR,66589,2025-07-02,2762.89
705faecd,Valerie,,joshua68@example.net,99554178,1465 Cynthia Club,North Frederick,AR,11587,2023-12-14,1845.53
bd8fa26f,Brenda,Dixon,mileszachary@example.net,49126922,32440 Hanson Flats Apt. 102,New Collinborough,,62595,2021-09-23,2548.69
d17b6fc6,Steven,Miller,lowerysandra@example.com,97463986,5155 Lewis Streets,Wilsonmouth,AZ,71945,2022-11-04,4059.37
a3e53892,Jason,Carroll,zbrown@example.com,38338498,3030 Nelson Roads Apt. 121,Richardport,VI,93851,2025-05-11,-194.55
7165e36b,John,Vang,stevenwise@example.net,49116039,6452 Julie Plaza,West Timothyport,ID,47742,2021-12-17,-2979.27
016b6287,Patricia,Dalton,osbornejeffery@example.net,23341525,83172 Contreras Points Suite 798,Rivasside,NV,21362,07/22/2025,4027.18
ec96af27,katherine,Gaines,youngcharles@example.net,29513034,1699 Paige Neck,West Jennifer,CT,05167,2025-09-28,2595.33
8706f724,holly,Evans,csharp@example.net,82912402,1200 Wesley Branch,Wallmouth,OH,93746,2023-09-18,2622.19
