Name,Username,Email,Phone,Followers,Posts,EngagementRate,JoinDate
James Taylor,rmeyer,robertberry@example.com,8527715219,7052,867,0.26,03/05/2024
Nicholas Aguirre,hughesray,melissa87@example.org,,6077,3047,6.71,2026-07-08
Thomas Bennett,vegadorothy,desireebailey@example.org,9503787171,9131,2996,1.45,02/02/2026
Linda Jackson,keith48,taylorkaren@example.com,9917981516,1868,4346,7.7,01/09/2022
Heather Foster,aprilmclaughlin,calhounandreaexample.net,1209063208,724,3295,6.64,11-04-2026
,brianbrown,karen24@example.net,4124168227,2262,4249,3.19,08/26/2023
Lisa Webb,reynoldsdesiree,gmoore@example.com,8417757797,1293,3527,9.08,
Lisa Martin,jennifer26,fheath@example.org,4067961943,8266,1413,0.68,17-09-2022
Erin Daniels,denisecarpenter,,6244291385,6129,3204,7.0,22-12-2025
James Tate,ariana22,,2965164102,4298,4009,7.96,21-02-2024
Ashley Delacruz,alexistyler,briannasmith@example.com,5510938155,6211,2681,3.25,12/18/2021
Dr. Charles Hale,bennettrebecca,scottbrian@example.org,8418324922,3434,3591,11.99,29-10-2023
Chelsey Fox,ashleymeza,xreese@example.net,1315708805,4390,1263,5.76,04-06-2026
Stacy Smith,scotthall,jason22@example.com,1481933114,8972,4140,3.11,11-07-2022
Aaron Miles,xrosales,whitelucas@example.net,5453811475,3302,358,11.89,2023-05-26
Patrick Lamb,elopez,derrickrodriguez@example.com,1993998848,2474,74,3.36,05/15/2025
Shane Henderson,sarahcampos,jenniferross@example.net,,525,2584,6.08,
Deborah Rodriguez,yreed,samuel81example.com,3315992115,9355,4720,7.14,06/04/2026
Jordan Parsons,bgross,kimberly35@example.net,8820716211,-1260,2451,2.52,2022-01-21
Courtney Sutton DVM,davisnicholas,abrown@example.net,3549776132,7405,4127,3.4,23-12-2022
Randy Griffin,davidanderson,adamcannon@example.org,5785590330,5766,3750,9.3,02-06-2025
Michael Hill,swarren,cherylrodriguez@example.net,6098549568,7389,439,13.0,2026-01-07
,xboyd,wolferoy@example.com,3027530378,4703,3349,2.78,2024-10-05
Arthur Mcknight,andersenthomas,robert26@example.com,5789617427,1233,1153,11.34,2024-10-09
Austin Santiago,michellecoleman,harrismaria@example.net,1590416424,9016,1293,6.16,03/22/2025
Lisa Wells,wilsonmichael,rebeccaaustin@example.net,8285000265,2249,894,9.27,05-08-2023
Bradley Johnson DDS,antonio38,gary79@example.net,4956362540,5129,4716,6.5,09/24/2025
Michael Bradley,yorksarah,enewman@example.com,8458717057,4833,4651,10.15,2022-02-03
Dr. Sharon James,xreid,mitchellclark@example.com,4733616459,2615,3462,5.17,2022-02-15
Paula Decker,michaelortiz,benjamincrawford@example.org,8788828039,9464,2561,2.93,2025-08-10
Lisa Larson,anthony47,jperez@example.com,2847692041,-1874,4516,10.84,2025-03-11
Michael Evans,sarah10,khowell@example.org,3615507143,2504,3063,11.46,21-02-2022
Douglas Taylor,dawnrobles,crystalpham@example.org,1205082311,6878,3744,1.04,10/09/2024
Vernon Wilson,michaelcooper,adrianabailey@example.org,3560761628,861,1274,2.45,31-03-2025
Kevin Thomas,kyle62,collinsnicholas@example.com,7374584386,9659,4297,8.99,2022-08-10
Valerie Gray,maria95,janetwilliams@example,3410529190,8928,3436,3.38,25-12-2023
Michael Campbell,georgecollins,amber02@example.org,4501175349,2221,3371,13.79,07/10/2025
Makayla Steele,tapiaaaron,usweeney@example.com,4508521152,9906,1133,13.11,2022-05-27
Joanna Jackson,martinezjimmy,,6638957137,749,4608,12.97,23-11-2024
Eric Duncan,jessicacummings,sthompson@example.net,4346505855,9167,1988,8.62,2026-06-03
Richard Stevens,nobleeric,bsmith@example.org,5536224717,8312,607,4.73,08/22/2022
Tyler Oneill,robert99,esweeney@example.org,8081204252,5053,2142,5.46,11/24/2022
Tammy King,zwest,barbertonya@example.net,,9125,4544,7.74,2021-08-28
Daniel Cooper,william40,waltersmaria@example.org,5067116918,1403,3981,12.26,20-07-2021
Gary Ramirez,andreagray,christianwallace@example.net,1172893522,637,1122,10.73,05/01/2025
Manuel Hahn,rose31,tblankenship@example.net,6288227800,2503,1752,1.06,12/28/2024
Wesley Cuevas,jessicapayne,edwardrandolph@example.org,8636984580,8239,4320,6.34,2023-07-02
Hannah Richmond,jeremy37,qandrews@example.org,1242425303,8255,2369,3.59,24-12-2024
Christopher Patton,toddlloyd,cooperchristopher@example.org,7904559790,439,2471,3.16,30-10-2022
Aaron Powers,conleyelizabeth,stacychan@example.org,7505693643,8171,2527,7.51,2022-05-19
Allison Hill,donaldgarcia,garzaanthony@example.org,3746317213,409,2253,3.75,2023-05-19
Matthew Smith,qguerrero,michelle04@example.net,8709662258,8180,1140,9.54,2024-10-21
Arthur Johns,johnsonrandy,garciachristine@example.org,1626733282,4272,4532,14.03,01-11-2024
Ethan Owen,louis43,hardingderek@example.net,3204833223,7167,751,14.2,2022-06-12
Laura Duncan,johnsonmichael,josephpreston@example.org,8664105957,6311,101,4.45,07/02/2023
Deborah Proctor,crawfordwilliam,porterashley@example.com,5626388820,1657,4158,11.59,09-11-2022
Luis Hill,alexis19,reneestevenson@example.net,1600566083,4537,690,3.8,26-04-2025
Courtney Roberts,vhernandez,alvarezjulie@example.net,3648572296,7501,876,2.12,2024-11-30
Daniel Turner,asilva,anna99@example.com,1316756902,5194,607,6.8,
Heather Stephens,kcooper,paul20@example.com,9660523876,8443,4710,3.7,2023-05-20
Scott Taylor,matthewbenitez,tthomas@example.org,4709911999,1330,372,14.23,17-03-2022
Sarah Davis,brettbennett,russojacob@example.net,9381721143,536,3035,3.34,04/10/2026
Susan Brooks,charlesvaughn,curtisbarton@example.net,7258731893,1188,76,6.93,20-07-2022
Brittany Farmer,georgetracy,hickmannatasha@example.com,3783290795,9980,1401,8.06,2023-07-22
Julie Scott,gary91,tamirodriguez@example.org,,6484,1072,10.11,03/04/2024
Krista Gibson,johnny16,sandovalamy@example.com,2121910732,9512,2174,0.67,24-12-2021
Charles Pitts,charlesharrington,matthew61@example.com,4580822352,4978,2350,3.23,21-01-2026
Larry Robertson,sarah52,vewingexample.com,6932342612,2492,4057,14.48,2024-05-19
Juan Dunlap,maldonadoamanda,kayla51@example.com,3840104345,4741,653,12.84,2025-03-20
Lance Hoffman,lrobinson,lisa02@example.net,4163119785,8935,712,8.9,2025-02-11
Sharon Martinez DVM,dustinmorris,kathleenlowe@example.com,1634323009,-1684,1199,3.91,2022-09-23
,wrobbins,aguilarcheryl@example.net,4905874257,4945,1302,13.13,12/15/2024
Megan Ferguson,fbradley,tdavis@example.net,8199372599,8019,1164,8.7,06/23/2025
Joseph Bennett,xpeterson,jennifer99@example.org,9886101513,5590,103,12.76,12/19/2021
James Thomas,thomassmith,oporter@example.net,3400244542,7854,1711,13.06,01/23/2026
Andrew Johnson,pwilson,paulwatson@example.net,7296096954,1020,1694,12.51,02/11/2026
Kimberly Morrison,kellythompson,lopezglenn@example.net,,5194,3930,5.3,14-07-2022
Emily Miller,msmith,anne49@example.org,6128260438,9345,3609,6.98,06/19/2025
Margaret Montgomery,haynescharles,robertsgina@example.net,,4742,306,0.24,03-04-2022
Robert Stark,gallagherstacie,lkelly@example.org,3869961166,8576,2954,1.11,13-07-2023
Ryan Newman,ariel18,hallrachel@example.net,9776185998,8543,2470,6.92,2026-05-04
Denise Moore,smithcindy,clarkmichael@example.com,3313993297,5302,2397,4.41,10/29/2023
Karen Green,maryramirez,rsims@example.com,9008612465,960,1348,5.75,03/06/2022
John Griffin,wmatthews,frank41@example.com,4401896171,3878,4047,0.49,02-10-2021
Michele Sanders,andrearowe,powens@example.com,2540492440,6523,2260,2.93,2024-02-22
Jacqueline Dickerson,shannon92,lisale@example.org,3589530484,1192,1541,12.09,30-03-2026
Anna Briggs,danielross,ynelson@example.net,7316122432,8793,66,12.72,08/02/2025
,hernandeztara,lopezcurtisexample.com,2602884797,7916,3996,0.33,01-08-2022
James Payne Jr.,kkramer,franciscojones@example.org,8487449580,6334,2777,14.61,01/11/2024
Louis Green,joel79,michael76@example.org,2593765711,8775,1560,0.87,01/31/2025
Evelyn Saunders,xmoran,wwilson@example.net,8913915028,-9727,2755,7.66,28-05-2023
Michael Nelson,jerry35,,1189351213,5464,1071,9.59,02/04/2023
Mary Chavez,peter97,jamierich@example.com,7190276026,11,3504,3.11,15-05-2026
Katrina Burns,thomas05,emily69@example.com,7829772942,1644,3606,1.59,09/29/2021
Lisa Davis,alewis,xmaloneexample.org,1859759428,2223,606,6.84,25-11-2025
Emma Cunningham,wayne32,nunezwendy@example.com,6582393412,1260,2958,3.85,2026-05-31
Brenda Wright,jsawyer,dawsonzachary@example.org,7015992643,1213,4726,9.48,2023-12-11
Robert Velez,colemanjonathan,reneemiller@example.net,7100408092,6266,3674,13.06,02/22/2026
,joshuastuart,shawn22example.com,8907752604,2421,1984,0.57,16-11-2025
Jose Crawford,langjennifer,robin55@example.com,8834841054,1501,1737,9.66,28-11-2021
Jennifer Clark,xprice,gateskathy@example.com,1664847319,4861,1783,14.53,29-07-2025
Jodi Roach,zosborn,elizabeth18@example.net,5686850445,5700,3345,5.07,28-12-2023
Sarah Welch,nhammond,arnoldamy@example,2014911848,1936,3812,4.67,07/14/2025
Mary Thompson,kmarshall,kmaldonado@example.net,7040562787,9096,1968,10.39,08-04-2024
,farrelldebra,russellbeasley@example.com,3875303857,9240,1785,7.03,05/27/2024
Charles Schmidt,georgemiller,pharvey@example.com,8184602688,-3680,1631,2.3,2026-06-24
Timothy James,wellsamanda,julierobles@example.net,3588933132,5489,2331,6.87,11-01-2024
Renee Mendez,katherinetaylor,haroldfry@example.net,5868640848,-2509,3727,11.24,06-10-2022
Jennifer Spencer,donna43,williamsashley@example.com,7637761996,5262,840,1.29,29-10-2022
David Wilson,heather86,kcarlson@example.com,8577013359,4742,2687,1.89,02/12/2025
Pamela Butler,jimenezcourtney,dawn47@example.org,5975196341,9024,112,8.33,2024-12-21
Kristin Gordon,stacey84,,7769342363,9461,4898,11.61,08/03/2023
,angelawillis,elizabeth65@example.net,4085320828,2683,2548,1.71,2025-02-12
Gina Booker,browndeanna,martinezjesse@example,5182609867,8653,348,3.52,22-06-2024
David Murray,joshuapineda,johnsondonna@example.net,2595467139,-3830,3862,0.47,26-08-2021
Charles Mcgee,julie69,icox@example.net,9256195745,1291,4522,4.47,19-09-2025
Brandon Holden,pmorris,greenjoe@example.com,8298348088,359,3242,4.19,28-04-2024
,thomasburke,brownjeffrey@example,7273337794,2541,2258,2.91,03-11-2021
Laurie Bailey,rwilliamson,samantha91@example.net,1235286733,3349,2469,14.19,2022-08-29
Renee Wolfe,warnermichael,annalopez@example.com,5382302465,7702,356,9.57,02/17/2026
Matthew Diaz,blacknicholas,zacharygomez@example.com,7552001193,8653,2963,1.26,29-08-2025
David Ortega,deborahwilliams,vrasmussen@example.com,2721355673,2324,251,1.47,03-06-2022
Tiffany Washington,lisamaynard,fortiz@example.com,2521136431,6505,346,6.6,04/17/2025
Allison Doyle,kimberly63,erik16@example.org,,9641,1804,0.21,10-07-2025
Andrew Villanueva,lukemiller,jacksonstephanie@example.net,1225447588,6771,2705,10.79,2026-01-20
Anthony Rodriguez,laurahenderson,cruzcaitlinexample.com,8995970241,9459,1575,10.6,2026-01-07
Melanie Griffith,qbright,vsullivan@example.org,5849159641,8238,453,12.49,24-06-2026
Julia Patel,erica49,plee@example.com,3323646093,1121,1923,9.5,04/07/2026
Margaret Montgomery,haynescharles,robertsgina@example.net,,-4742,306,0.24,03-04-2022
Russell Porter,chenbailey,kellysmith@example.com,3686566602,4335,665,2.44,2023-07-26
Christopher Pearson,jose86,,1509525588,8802,3219,7.98,20-03-2026
Jason Wilson,alvarezkimberly,hayesjeffrey@example.net,9072992279,4558,3453,3.86,2021-11-20
Jacob Evans,wayala,darlenebyrd@example.org,7893447569,8214,1235,14.37,01/12/2026
Jeremy Baker,rbaker,hernandezheather@example.org,7163022531,939,614,10.1,04/01/2022
Diane Evans,cgrimes,jreed@example.net,7971399399,2041,2460,7.66,22-09-2024
Dennis Diaz,zdiaz,hudsonjames@example.net,5933179746,8824,3967,5.24,22-12-2023
Angel Brown,heidi27,salasaudrey@example.com,4882343658,8938,295,12.54,04-08-2025
Mrs. Heather Edwards DVM,megan66,,7205093305,4419,837,2.07,2024-09-16
Joseph Jenkins,morenojoshua,andre62@example.org,7824071339,258,1427,4.05,
Melissa Carlson,pmurphy,davislisa@example,1207916194,1631,3764,0.34,2021-07-09
Michael Stafford,osbornejeffery,pwilliams@example.org,3363629219,828,4428,12.56,2025-05-27
David Dixon,seanmyers,michaeljohnson@example.org,6218955985,6878,3716,5.18,01/12/2024
Rebecca Richmond,pamela83,xclements@example.org,7928074841,2662,3219,14.86,
,ashley32,gwilcox@example.com,9587244082,7916,873,3.63,04-04-2022
Kathryn Snyder,georgepamela,cassandra01@example.org,6796738787,3728,1826,0.45,2026-05-31
Craig Carpenter,michael31,christine35@example.com,9147736635,7007,4221,4.99,05/09/2025
Megan Ferguson,fbradley,tdavis@example.net,8199372599,8019,1164,8.7,06/23/2025
Austin Wheeler,tharper,sanchezbradley@example,3620283102,1035,3803,13.65,07/07/2023
Tom Foster,rogersmarcus,jessicakim@example.net,,2868,3806,14.71,08/30/2025
Andrew Greene,christinacraig,john02@example.org,2033653860,1102,826,8.95,11/13/2023
Samantha Jones,lauralarson,scott74@example.net,5759234471,634,3855,3.41,12/10/2024
Joel King,elizabeth74,charleslandry@example,5607762160,6790,4715,3.0,24-01-2024
William Barnes,kaufmandouglas,christopher38@example.com,8048810275,6081,4542,14.02,08-09-2024
Dean Garcia,george62,paynerachael@example.org,8267378816,6018,4253,4.07,2024-05-23
Robert Pearson,cassidy82,hayeslisa@example.com,6771394050,9017,2709,5.34,03/28/2022
Nicole Parsons,williamroberts,barbara53@example.com,8083429496,1911,1145,0.78,2022-09-27
Christopher Armstrong,mercedesholland,josephortiz@example.org,7752880042,-7657,4519,2.03,2021-08-05
John Davis,carolynsmith,nsmithexample.org,5364727160,1106,2824,3.69,18-08-2022
Rachel Evans,rosshannah,lewisjonathan@example.net,4904100195,3470,1556,14.43,2022-05-04
David Ortega,deborahwilliams,vrasmussen@example.com,2721355673,2324,251,1.47,03-06-2022
Jasmine Beltran,xholt,laurie61@example.com,9251459094,7195,1018,7.08,01/20/2023
Courtney Sutton DVM,davisnicholas,abrown@example.net,3549776132,7405,4127,3.4,23-12-2022
Robert Turner,megan13,kevinmanning@example,8318786687,3515,2339,10.44,10/24/2023
,holmeskevin,marcusfletcher@example.com,7279140605,888,1536,7.82,07-12-2025
Anna Walker,kevinperkins,wtran@example.com,7393195616,832,756,9.55,03/14/2026
,vdickson,sarayoung@example,1519709079,3681,524,5.14,10-01-2023
Frank Williams,tracy98,charles58@example.org,5924077461,689,2356,14.33,2023-01-31
Daisy Harvey,lisa46,watsonrichard@example.net,8480622107,8619,931,11.21,08/03/2023
Joseph Martinez,calebsmith,,2351531223,8179,3241,13.28,07-01-2022
Sonya Cole,tprice,jamiegoodwin@example.org,6777473414,1816,2320,10.21,06-06-2026
Brian Berry,perezwilliam,trevinoalexander@example.org,9752058817,5517,1073,9.0,2025-07-13
Andrew Hughes,smithsarah,cookpamela@example.org,8012696455,2719,1140,11.79,2025-12-12
Tammy Kane,ystephens,jacqueline89example.net,8569491238,5567,2875,0.19,2022-03-30
Michelle Jackson,karamarks,wiseanthony@example.com,8585583166,3145,1855,15.0,2023-11-01
Robert Campbell,xmoreno,terrigarcia@example.net,6545970956,25,2890,3.68,07/28/2023
,amandasharp,gentrygregory@example.org,,7529,2091,10.04,10/29/2021
Jessica Garcia,wallaceheather,williamslaura@example,5659161352,8445,2745,1.49,2024-07-26
Ann Phillips,ithompson,alyssa42@example.com,8995059760,7373,2123,11.3,14-08-2025
Shane Lopez,james14,orose@example.com,8160279830,744,1806,5.99,28-10-2024
Jordan Coleman,ocruz,rogersmith@example.com,5862655247,1160,1875,5.81,14-07-2023
Brittany Long,dennis88,sanderswayne@example,8601409432,1923,2416,5.58,2023-07-21
Sandra Rodgers,lucasrodney,andrew42example.org,4576111591,4853,1863,5.48,06/04/2024
Jason Hayes,shawnmosley,nicoledavis@example.com,4026816435,3371,2280,11.31,2022-11-30
Melissa Abbott,jamie98,juliephillips@example.org,2437308013,5401,774,8.41,07/22/2023
Nancy Sanchez,adamsrussell,rodriguezrobert@example.com,,7055,4869,2.13,06/25/2024
Roy Porter,jonathan77,yjackson@example.com,1881351238,9080,1697,8.84,2022-12-16
Julian Wood,cherylmiller,raymond78@example.com,3362646960,7451,721,4.79,01/01/2025
Cheyenne Gregory,smurray,ashaw@example.org,5146780827,4136,3913,1.8,2023-03-21
Blake Watson,whitelinda,finleycasey@example.com,2928130926,8749,1959,4.71,
Jason Hayes,shawnmosley,nicoledavis@example.com,4026816435,3371,2280,11.31,2022-11-30
Carrie Wright,hritter,michaelhardin@example.com,6458544482,4118,1888,1.9,2024-12-30
Sandra Aguilar,russellwilliams,rachel05@example.org,6633778586,6118,3588,13.5,08/23/2023
Chelsea Barnett,carlos88,myerstheodore@example.net,3370788647,2564,21,6.19,22-10-2024
Edwin Richardson,wwilkins,ebridges@example.com,5294535887,9091,1366,7.4,2025-07-10
Stacy Anderson,znelson,riverajessica@example.net,9426850694,4097,3742,12.7,2023-09-16
Chad Smith,ncook,vbrock@example.com,7059376953,6929,421,14.53,13-05-2024
Robert Avery,mcknightdavid,yobrien@example,4696689457,5862,1720,10.26,10-06-2023
Zachary Cole,michelle17,rowejoel@example.net,2554145481,7155,867,3.73,09-07-2026
Madison Poole,ryangross,christina87@example.com,6344160868,4669,1292,6.63,23-03-2025
Holly Farmer,lindsaybruce,lynchdiane@example.net,1851819913,9700,1989,1.62,10/17/2023
Erin Simmons,zhall,jacobsandoval@example.com,7193532615,4475,1765,11.35,2021-10-07
Kathleen Morton,jeanettekrause,wilsonsteven@example.org,,6703,4028,6.29,04/14/2023
,fwalters,gacosta@example.net,3479690385,8796,1531,5.55,2022-11-17
Sarah Brown,smithann,daniel40@example.org,9990826771,5905,2051,1.33,11-03-2025
Marissa Webster,jamessmith,johnwells@example.org,7540301973,4272,1673,10.08,
Rodney Curtis,kevinmorrison,timothythompson@example.com,6636925105,1697,4734,7.66,2024-03-26
,qmcdowell,wheelerbrandonexample.org,8561998560,8437,4601,1.68,2021-09-08
Shawn Arroyo,dennislisa,davidalvarez@example.net,5996775663,6216,2211,14.84,04-12-2022
Isaiah Avila,nwolf,andrea47@example.net,7161404428,5139,3574,9.13,22-08-2025
Dana Kennedy,glee,agomez@example.com,7609857128,9577,3509,13.48,12/24/2021
Robert Evans,mcmillandennis,prestonjulia@example.org,9285415473,5038,1961,0.96,02-11-2023
Jessica Richards,heatherthompson,dalesandoval@example.net,3480920839,841,4780,7.26,03-04-2024
Thomas Kennedy,katherineharrison,bullockandrew@example.org,6928678489,7253,2435,12.92,10/16/2022
William Mason,garrettnatasha,raymondstacy@example.org,8149805821,2725,362,8.49,23-10-2022
Ashley Wilson,amber07,veronicagarcia@example.net,7088949191,1887,3318,0.41,08/17/2023
Pamela Weaver,charlesnathan,travis94@example.com,3033747850,3692,2463,12.88,2023-01-28
Brad Allen,moorericky,,4993808565,2662,1450,13.23,2023-12-04
Erik Delgado,catherine64,xnorman@example.net,3001472250,-7692,2623,13.72,07/06/2026
,hlopez,janet50@example.com,4250372185,7231,4475,3.36,
Vanessa Edwards,smithjohn,ogreer@example.net,2282044148,4876,2367,10.6,24-08-2024
James Bray,mckeetodd,lopezvincent@example.com,2619163247,7357,4898,7.24,04/15/2026
Jimmy Ortega,jacksonhenry,qwagner@example.org,6968380957,5909,872,1.46,01/22/2026
,mary25,,5324302451,6284,1929,6.76,08/29/2025
Carmen Meadows,osmith,jasonjohnson@example.net,5912019621,5231,2829,14.63,2022-12-16
Yvonne Gutierrez,michael30,hannahking@example.org,3098948446,1354,4631,0.56,2024-02-20
Mrs. Melissa Peck,ronald54,sara99@example.com,3081379485,3196,3145,14.46,09-12-2025
Shawn Watson,javier42,brooksbenjamin@example.org,4227004325,4877,264,6.8,04/22/2022
Holly Thomas,cporter,taylormason@example.com,7750819485,3826,3365,0.75,08-12-2025
Connie Thomas,angela99,mphillips@example.com,5170814022,828,2732,3.73,2023-06-23
Colin Fletcher,lanedavid,brooksjamie@example.com,2613385303,8835,1089,9.84,12/30/2024
Katelyn Kim,christophermay,ydalton@example.net,8215470878,152,66,10.46,2025-02-20
Connor Greene,michellehill,ymorgan@example.net,,7066,573,14.24,10/17/2023
Joshua White,warrenmary,landryelizabeth@example,,2370,1064,8.15,2025-01-10
Donald Wright,ramosmichelle,williamsyvette@example.org,4698408854,-2504,1310,11.9,04/24/2022
Alexander Miller,manderson,xjoseph@example.org,7238213207,1100,2459,0.77,24-10-2024
Daniel Meadows,susan03,suzannewilsonexample.com,5082603360,5942,813,14.72,08/01/2023
Diana May,ifrazier,sheila14@example.org,9894264595,3899,2281,10.07,2026-06-16
Stacy Carrillo,fowlershelia,christina32@example.com,8739238825,3588,1557,9.35,27-10-2022
,vpreston,brandonalvarez@example.com,7518666304,9202,964,4.0,09/08/2024
Roberto Bartlett,ohughes,bhamilton@example.com,4957687327,6846,1440,14.02,2022-07-11
William Lynch,jennifercollins,tranchristopher@example.org,5791662169,9446,1557,3.9,11-06-2025
Brent Roberts,alin,sydneybarrera@example.com,5916199809,3122,4910,7.67,2026-06-07
Jonathan Duran,marcia99,andersoncolin@example.com,6915072151,5272,1545,14.71,2024-05-27
Robert Taylor,brownkimberly,davidcolon@example.com,1627276995,627,2350,13.77,03/27/2022
Sarah Joseph,laurahicks,gallowaylaura@example.org,5985704790,6744,4058,4.39,09/20/2025
,angelarandall,rsheppard@example.com,3918046336,510,1169,12.75,23-05-2026
Sarah King,david49,shawgary@example.net,8543865915,7242,422,3.13,31-10-2022
Tonya Ellis,bmosley,ewilson@example.com,6312462377,2347,4270,3.39,05/24/2023
Joel Jackson,zunderwood,,,2449,4495,14.11,27-12-2022
Megan Peters,clarkgina,carl24@example.org,3459788151,4389,4449,12.37,
Katherine Knight,mario74,caseymoore@example.com,,5152,128,14.43,05-10-2023
Anthony Stein,danawilliams,erivera@example.org,7576309274,9272,1475,2.63,2022-09-09
,kathleen12,lopezshane@example.net,7007500393,1557,2560,6.46,17-11-2025
,teresa28,harrellkenneth@example.net,6927597015,-7428,2988,2.52,11/02/2025
Carlos Whitney,joycearnold,hhoffman@example.org,4289233844,2103,3893,14.21,2022-10-15
Mr. Christopher Walters,hayesjason,barbaramoore@example.org,7752277876,496,4079,13.35,15-08-2022
Anthony Jones,rachel90,sarahedwards@example.org,7019900273,1768,4016,10.71,07/06/2026
Lisa Ruiz,thorntonapril,whitney78@example.com,3791027186,5383,4371,5.76,03/09/2024
Andrew Wood,chase19,jford@example.net,6339955011,9528,3023,7.15,13-11-2021
Cynthia Allen,jamie33,eric11@example,8285589122,6688,1222,4.57,
George Miranda,carlamoore,mariewise@example.org,7671625956,2068,4021,1.63,2025-03-29
Kathleen Morris,matthew92,rkramerexample.org,2357806226,7205,559,7.09,28-11-2021
Christopher Cole,mariahdavis,lisawilkerson@example.org,1651662547,9221,2489,1.37,2025-01-18
Lisa Thompson,richamanda,davisdonna@example.net,4008130163,8866,493,14.03,2026-02-08
Kathryn Perry,imiller,joshuacollins@example,8138816152,2112,4874,10.66,2023-04-01
Karen Miller,shawrachel,davidtodd@example.org,8650676663,570,1034,1.1,10-12-2022
Dr. Diana Walker,brianlloyd,cayers@example.net,8755749566,944,4607,6.25,06/21/2024
Linda Elliott,johnsjessica,stacey37@example.net,2947476917,8409,3403,6.91,2025-07-12
Joshua Smith,jason99,steven73@example.net,1422701550,6596,2779,12.03,2025-07-18
Laura Douglas,lisa90,todd28@example.org,4231729466,9659,3145,5.34,11/19/2023
Connor King,courtneyberger,parkerscott@example,4643576871,7478,1092,12.04,15-08-2024
Donald Farmer,michael22,vjones@example.net,4361393222,5688,4364,6.48,10/12/2021
Brittney Murphy,collinssamuel,brianmiller@example.com,8695129534,2093,4312,1.49,
Guy Molina,vmedina,tracynelson@example.com,9851745355,5138,468,0.85,10/07/2021
Ashley Hicks,michael23,thomasjames@example.net,3387104291,8464,1565,1.38,26-10-2022
Jessica Stout,dianacunningham,lonniegrant@example.net,3149484176,5651,201,7.29,07/11/2022
Deborah Rios,jennifersilva,alexandriagriffith@example.com,,2361,3358,13.08,2022-10-11
Susan Wilson,jane39,,8093179263,4557,1486,14.95,09/03/2022
Seth Donovan,staylor,,4579265601,8180,4510,9.85,
Kenneth Daniels,xcardenas,kellyroberts@example.net,5726642606,2725,2453,13.56,2022-03-11
Jill Smith,lisa62,yjones@example.org,4847761430,7368,4683,9.81,05/23/2022
Antonio Mueller,karenjohnson,rgarcia@example.net,6913417379,2837,3765,13.69,04/19/2026
Frank Lopez,ashleyhall,vwilliams@example.com,7049001493,6592,2422,8.36,2024-10-05
Elizabeth Harrell,mcdonaldcharles,michelleramseyexample.com,6322520473,7206,634,10.73,2026-04-05
Michael Mckenzie,lewismelissa,christopherwright@example.com,7451071432,3862,3163,14.92,11/21/2024
Meghan Williams,cameron18,umitchell@example.net,2355268102,8779,1516,2.95,19-10-2022
Rachel Moore,odavis,elizabethrivera@example.com,3057629778,3310,4412,4.14,18-05-2023
Kelly Miles,brandon39,smithsamantha@example.net,5621463184,9915,4879,6.01,09/12/2025
Andrew Graham,michaeljones,cindy14@example.net,8763140509,3119,772,1.54,02/24/2024
George Ward,maurice61,michelle93@example.net,8534793156,3974,4951,10.59,06/02/2026
Carolyn Daniel,stevennelson,gabriellecameron@example.org,8574149614,1674,759,5.76,06/20/2023
Karen Howard,kathleenhall,mike03@example.net,6899673770,8998,3857,11.38,04-08-2024
Randall Johnson,nhahn,ssalinas@example.org,2578662692,-4564,4703,3.47,12/31/2024
Susan Hopkins,stephen00,bboone@example.net,3019952485,8837,426,15.0,06/09/2022
Wendy Turner,tracey35,ingramsherry@example.com,1112794026,5798,4540,1.49,25-03-2026
Kelsey Cox,brownamy,ashleyhernandez@example.com,1564409423,4835,2676,11.24,2025-12-11
Jared Bowman,darius05,lauriemontgomery@example.net,2444812497,8098,2662,2.81,2024-08-06
Erika Terry,jamesortega,lbyrd@example.net,6816663775,6735,3825,12.97,2026-05-12
Johnny Nguyen,zlewis,matthew94@example.net,3849232839,2200,2166,1.82,2021-08-09
Robert Stevens,lori33,kellerraymond@example.com,3710566582,3750,552,13.59,02/09/2022
Ryan Thomas,cannonnicole,tali@example.com,5130589741,1901,1160,5.29,11/06/2023
Lauren Blackburn,kennedyjames,dillonpatrick@example.com,1662259333,9914,2765,12.65,12-01-2025
Kylie Williams,estanley,alexander67@example.org,5278201677,1200,4404,3.28,03/16/2025
Michael Valencia,jamesweber,glenda22example.net,1471997674,310,3612,4.77,2026-02-18
Ashley Crawford,julie35,gary15@example.com,7328203808,599,1565,4.36,2021-08-13
Cheryl Moore,tjimenez,zjohnson@example,4710967433,4526,3399,5.16,29-05-2025
Steve Sanchez,harveyrobert,sarah35@example.org,8385972235,8201,1463,7.66,2023-10-12
John Perkins,simonstephen,melissa86@example.org,,9236,4747,6.79,04-03-2025
Gregory Rios,gary59,,3986257683,7848,2573,2.75,07/04/2023
Laura Moreno,redwards,susanjohnson@example.org,8822944679,9441,329,11.47,2025-10-06
Mark Jones,albertwagner,bruce97@example.net,4721365350,2159,121,5.44,2025-09-01
Henry Schultz,amy51,princetravis@example.net,7581349462,9222,2455,7.18,2024-12-31
David Mitchell,davidroberson,johnsonmichael@example.com,8387395021,4836,1248,3.02,2025-07-27
,patrick79,rjohnson@example.com,2196963451,1858,212,11.06,09/28/2022
Jennifer Crosby,meyershannon,richjohnexample.net,7699500243,7570,1899,11.99,19-11-2024
Rebecca Richmond,pamela83,xclements@example.org,7928074841,2662,3219,14.86,
Laura Lee,ginalittle,qknoxexample.com,5952163720,2697,1326,4.91,01-11-2025
Crystal Hansen,charles06,stevenschristian@example.com,2936179853,7613,4668,9.19,06/01/2026
Jennifer Flores,bsullivan,elainewells@example.org,1710924824,6493,2502,10.92,2026-03-30
Rachel Mitchell,smoore,tanyariley@example.net,7567496105,9064,94,10.24,2022-01-14
Robert Nicholson,evansanne,irhodes@example,,9966,1215,1.08,10/13/2024
Melinda Pollard,zwelch,bryanparsons@example.com,8986950095,1166,1912,13.87,31-10-2021
Matthew Sparks,amorales,christinekelley@example.com,3499480048,1526,3755,9.56,13-10-2024
Michelle Schmitt,michael98,ericolsonexample.org,9284507318,9433,3074,6.01,30-06-2024
Katelyn Perez,ericphillips,romeroamber@example.net,9650701349,8751,1036,4.19,2025-12-30
Leah Cruz,iedwards,joshuamiller@example.net,5976777081,-6108,2317,5.87,12/11/2023
Christopher Bernard,curtis61,melanie94@example.org,1127978094,3582,1905,7.63,
Rodney Evans,stephen89,ryan25@example.com,7183058541,7933,3804,3.14,29-07-2024
,parsonsjohn,,3667292043,9988,812,14.22,2025-05-29
Jennifer Yu,keith09,jessica94@example.org,8243746556,3559,710,13.46,2025-07-18
Mr. Martin Hernandez,smithsarah,kchristian@example.org,9533188043,9139,2995,11.35,2025-09-13
Richard Smith,gibsonemily,brenda51@example.net,6461974809,5238,4424,1.3,2023-07-05
Michael Sims,jeremywiley,david68@example.net,7039121410,7430,597,10.36,2024-02-15
Kimberly Krause,michael87,ypreston@example.net,4930438209,9045,2634,11.66,12/16/2023
Matthew Mitchell,glennmartin,lloydsamuel@example.com,9196564761,2330,584,0.99,04/05/2025
Makayla Steele,tapiaaaron,usweeney@example,4508521152,9906,1133,13.11,2022-05-27
Brenda Turner,donna66,colecarla@example.net,9702693937,4381,237,2.79,05-12-2024
Christopher Owens,wmartinez,shannonford@example.org,8802681056,5727,218,6.28,04/15/2022
Kevin James,lauren11,eric26@example.com,7142103618,3743,3389,5.15,08/02/2024
Nicole Parsons,williamroberts,barbara53@example.com,8083429496,1911,1145,0.78,2022-09-27
Ms. Jennifer Hill,conniesimmons,wwilliams@example.net,3115806625,1592,1923,13.32,2024-10-05
Austin Osborne,michael90,erikarush@example.com,2075321966,1496,1875,14.43,18-04-2025
Amber Reyes,simmonsharold,tjensen@example.com,4719780110,4090,1198,10.7,2023-03-16
Aaron Ochoa,mauriceharrison,wattstravis@example.com,8709361138,2773,1146,10.83,
Victoria Garcia,zchandler,wrightjames@example.com,2554762903,2266,4174,7.45,2022-09-17
Jeremy Young,cory58,bruce43@example.org,8884394611,8818,4473,12.02,2025-05-21
,anna99,icraig@example.com,6170675398,8221,3863,13.1,10-02-2025
Thomas Keith,hoopermario,mary49@example.net,4545940090,4054,4880,13.11,2026-05-15
Eric Duncan,jessicacummings,sthompson@example.net,4346505855,9167,1988,8.62,2026-06-03
Thomas White,tranrobin,pwalkerexample.com,1696846464,2712,3585,0.75,03/29/2024
Lori Hernandez,harrisoncrystal,brittany58@example.org,8352307139,7342,141,1.49,2024-02-28
Sandra Mcdonald,wardjulia,yshort@example.net,9717175839,-4478,3690,7.41,
Dean Garcia,george62,paynerachael@example.org,8267378816,6018,4253,4.07,2024-05-23
Suzanne Hart,igrant,nsanchez@example.com,4120719599,6797,811,12.52,11-03-2022
Jackson Ball,wbishop,pyoung@example.com,7760554363,7690,3921,6.66,2025-07-05
Michael Nelson,jerry35,,1189351213,5464,1071,9.59,02/04/2023
Michelle Copeland,vargassteven,shortgregory@example.com,,4646,2766,8.25,2022-02-10
Jessica Conrad,kanejeremy,walterscrystal@example.org,3117951204,1036,1369,6.58,02/10/2024
Emma Butler,kevinwhite,oallen@example.com,6964188417,6078,4425,6.34,30-09-2022
Cheryl Allen,wfreeman,hannahbrewer@example.com,5962610986,4616,4954,3.24,05/01/2025
Timothy Woods,jeffery94,staceyvega@example.org,3128675098,5642,3122,11.81,10/06/2025
Thomas Vaughn,stevenlucas,sharpdaniel@example.net,,7365,4851,6.5,2026-03-02
Joshua Smith,jason99,steven73@example.net,1422701550,6596,2779,12.03,2025-07-18
Cameron Irwin,avilatiffany,inunez@example.com,5354747485,8791,1012,6.88,16-01-2026
Theresa Torres,jason82,jackjensen@example.com,2420277403,7518,2107,10.81,2023-03-04
Brandon Rodriguez,evanmitchell,tammycurry@example,3561629386,9417,3143,6.4,10/28/2021
Matthew Smith,qguerrero,michelle04@example.net,8709662258,-8180,1140,9.54,2024-10-21
Manuel Hahn,rose31,tblankenship@example.net,6288227800,2503,1752,1.06,12/28/2024
Ashley Jordan,erika97,brandon69@example.org,8088660633,8817,3960,7.03,01-08-2021
Deborah Williams,davenportchristian,susandavis@example.net,,3043,4799,9.94,2023-06-26
,xpatton,sheryl79@example.net,9847550931,9201,4601,5.01,2023-03-08
Justin Hansen,jennifer64,reesebeth@example,4566852761,4210,3947,14.51,02/14/2025
Deanna Hess,osbornjames,flamb@example.com,8325222092,7349,43,13.6,2022-07-24
,rubendavis,smiththomas@example.org,7472806994,7581,4754,8.36,11-06-2023
Patrick Moore,fpena,rcrosby@example.org,3987248494,9432,3116,7.21,09/02/2024
Karen Wood,tking,kim62@example.net,5203589186,56,186,14.68,07/13/2022
Mariah Robles,andersonjessica,dalepruitt@example.com,7026930365,741,3281,0.86,11-05-2026
Casey Obrien,michele28,josemercado@example.org,9392515666,4947,4771,10.87,2022-02-28
Nathan Smith,heather01,zparker@example.net,5181592277,9935,4069,12.51,10/17/2025
Matthew Hoover,tylerjohnson,molly71@example,9333798503,2851,4662,4.58,
Brian York,smithdevon,markkline@example.net,7800411181,797,414,4.29,20-10-2023
Mrs. Jasmine Hubbard,leescott,kim47@example.org,1792214339,7080,3240,0.53,10-02-2025
Carrie Novak,jeffrey92,sparker@example.com,3713284816,2209,516,10.77,08/08/2022
Anna May,crossbarbara,deleonsandra@example.com,8238377072,2777,1137,4.11,06/23/2024
Toni Fitzgerald,campbellelizabeth,clarence34example.org,2067970820,3116,4393,6.78,03/19/2023
Michael Thompson,wolfesteve,smithjason@example.net,5870891270,3978,2088,3.13,18-05-2022
Chad Lee Jr.,schaeferstephanie,juliamcneilexample.org,1494287462,5620,895,10.19,2022-01-30
Christopher Sandoval,kellyruiz,jessica82@example.net,6263354802,8501,2326,12.7,05/16/2024
Robin Hall,kristinacarlson,michele22@example.net,1116402431,7022,1111,13.02,2023-08-26
Natalie Hoffman,williamrobles,heather06@example.com,7641192909,4331,4997,7.31,2025-01-23
Taylor Heath,palmerjoshua,,2970753705,4339,1143,3.77,
Sara Chapman,lellis,tamarasmith@example.net,3702653209,9779,3887,4.06,06-12-2021
Dana Armstrong,leescott,shernandezexample.org,5616352188,4342,2773,9.39,01/03/2025
Brian Wallace,kelleythomas,jamiejennings@example.org,3003484425,4382,3683,3.79,
Maria Bryant,joseph01,morganphelps@example.com,9354711271,8281,3745,14.5,2024-03-06
Cody Williams,ewilson,kvasquez@example.net,3373077218,7041,1044,0.72,12/22/2021
Brenda Hinton,masonterri,davisjesse@example.org,,6240,4893,8.01,06/01/2024
Jesus Hull,joshuacolon,hreid@example.net,3738900744,-5922,4167,3.44,2021-10-11
Nicole Gutierrez,cyoung,jasonnavarro@example,3188382776,6418,2421,9.73,2021-12-24
Carlos Thompson,walkercharlene,jennifer46@example.com,5577353273,6523,3921,7.93,06/26/2024
Katherine Davis,ricky51,marksteele@example.com,7482848011,8785,2712,14.09,2024-12-04
Jennifer Rivera,olsontimothy,brittanyholland@example.com,1643611097,-5375,4262,6.68,16-09-2021
Mark Steele,angelaburns,jacobwilkinson@example.net,8503368512,-2878,1058,5.77,22-12-2021
Jamie Kerr,michelle64,lynchjody@example.org,5736462531,9173,3329,14.61,25-04-2023
Jeffrey Camacho,brentgray,shawnrogers@example.com,3555656321,3853,3307,1.89,20-11-2023
Ryan Sanchez,zwarren,,6404582459,4581,4883,10.55,03/03/2022
Shannon Hester,kathleenrobertson,floressteven@example.com,8324687182,6807,3952,14.71,
,smithcarlos,jason06@example.net,3850192297,5731,2541,14.52,16-12-2023
Mr. Robert Franklin MD,briannaalvarez,mramos@example.net,9953941533,2194,2565,1.86,07/29/2021
Angel Riggs,gibsonolivia,jennifercruzexample.com,6083042422,7579,2046,13.13,2023-08-06
Joshua Hickman,edelgado,wsantosexample.com,3934040683,8153,4777,2.23,04/01/2024
Michael Henry,markramirez,kdiaz@example.org,8115628227,3674,886,5.32,28-02-2026
Jennifer Simpson DVM,nancy04,hebertmatthew@example.com,9165632300,8955,1294,1.2,02/20/2026
Renee Morales,clarksherri,jason76@example.net,8934927891,9891,2166,12.13,03-06-2025
Jillian Lyons,craigromero,lauren90@example.org,7633342225,8715,3107,12.37,2024-10-29
,taylorjesse,jasminebrown@example.com,7249213370,6930,4552,9.96,05/02/2024
Christopher Lang,brian29,kimmathis@example.com,3698343112,9533,2723,2.09,02/19/2022
,andrewlove,millerbrian@example.com,9434946584,5262,2338,9.72,2026-04-07
Joshua Wang,jenningsmatthew,collierjames@example.com,2254516608,-4503,1841,8.11,2025-08-05
Courtney Walker,robert55,brenda71@example.com,2178758213,4961,4370,1.49,22-12-2021
Rick Rivera,brianrowe,danielshunter@example.com,2231317910,8228,3527,12.11,2024-10-06
Barbara Tate,paulproctor,joanjohnson@example.com,1639509845,3144,4312,3.86,04/26/2022
Joshua Harvey,brandonhernandez,benjamin09@example.net,1502291736,6116,1158,7.71,01/22/2024
Rebecca Brewer,dmoore,steven60@example.net,8648220906,9267,4057,8.29,2024-01-25
Daniel Fowler,williamsmatthew,kristinharris@example.net,3096929657,4471,3570,7.34,04/13/2023
Mrs. Alexis Kramer,john19,dennis58@example.com,7845366946,-4771,267,3.55,03-01-2023
Renee Wolfe,warnermichael,annalopez@example.com,5382302465,7702,356,9.57,02/17/2026
Cheyenne Gregory,smurray,ashaw@example.org,5146780827,4136,3913,1.8,2023-03-21
Vickie Kennedy,sharon20,kingdanielle@example.org,2704657157,6112,3326,6.94,2024-08-01
Monica Hall,alexisrobinson,zcollins@example.com,7664258343,194,137,7.99,09/04/2024
Jonathan Young,brooksanthony,combsdebra@example.org,8578226896,9933,4883,11.88,2022-09-09
Jeffrey Hawkins,eugenesingleton,,6469458472,1996,4697,10.18,11/10/2021
Brian Porter MD,hatfieldsarah,paulcombs@example.com,6515369278,9874,1231,5.07,
Kimberly Hughes,jcannon,marcus51@example.org,8943294720,-8856,2717,5.82,20-12-2025
Michael Love,gdavis,dstokes@example.org,1862407093,8837,2997,8.01,11/19/2025
Leslie Morris,mariahmiller,dsanchez@example.net,8316648259,8666,64,10.05,28-09-2024
Alicia Hubbard,barbara27,lmoon@example.net,7006365648,4564,568,14.51,03/24/2025
Linda Jones,gcruz,harrismichele@example.net,4203205881,9475,598,0.77,02/02/2025
Levi Lopez,ylewis,jenniferrodriguez@example.com,6877052039,1795,3412,8.8,30-11-2021
Angela Compton,coleerin,david89@example.org,8613035386,8431,9,9.9,13-08-2022
Suzanne Hart,igrant,nsanchez@example.com,4120719599,6797,811,12.52,11-03-2022
William Brooks,ztodd,kathleenbecker@example.net,5464285982,7222,273,8.74,20-03-2022
Megan Green,anthonysullivan,jhawkins@example.org,1964386641,5221,811,12.6,29-04-2022
Rhonda Martinez,rmiller,oharris@example.org,6868336102,6272,4646,0.58,2023-09-18
Jessica Lee,ihoward,rachel77@example.net,7337225482,762,609,10.3,01/10/2024
Paul Williams,nelsonebony,alawson@example.com,5748253283,5934,3766,10.64,05/09/2023
Michael Yates,marycalhoun,meadowsbrittany@example.net,1676168421,8320,656,12.79,2021-10-01
Elizabeth Baxter,clarence54,watsonrebeccaexample.org,1161521910,6041,2351,1.24,2021-12-16
Debra House,arthur09,hbush@example.net,4461558269,1690,2566,5.58,08/13/2025
Amanda Pace,morganharris,clee@example.net,4110258855,8204,2833,0.9,10/28/2024
Jessica Fowler,jonesdana,william20@example.org,9935429720,653,3539,11.04,31-03-2025
Crystal Stewart,zachary04,justinross@example.net,2181777110,9121,4846,13.21,2024-06-05
Travis Thomas,roberta62,kristina57@example.com,7991402837,6146,3702,1.23,2021-10-11
Todd Hendrix,janet75,ybailey@example.net,5283911723,1480,3555,14.68,05-11-2023
Erica Miller,kirk96,hannahbell@example.org,8300300577,4460,4099,8.15,07/08/2024
Courtney Walker,robert55,brenda71example.com,2178758213,4961,4370,1.49,22-12-2021
Renee Morales,clarksherri,jason76@example.net,8934927891,9891,2166,12.13,03-06-2025
Alicia Hubbard,barbara27,lmoon@example.net,7006365648,4564,568,14.51,03/24/2025
Karen Rogers,danielle44,jacob83@example.org,,2102,4516,9.63,2024-12-15
Carolyn Greer,laurahoover,cindydixon@example.org,7694982976,5049,178,6.0,2024-06-07
Cole Anderson,farmercheryl,catherine93@example.net,7369118672,7801,799,6.63,30-06-2023
Elizabeth Sanders,qjacobson,maypaul@example.com,,-5759,3662,0.73,10/06/2024
Katie Anderson,nicole35,eric84example.net,4944899549,9813,2655,7.38,2026-01-07
Daisy Harvey,lisa46,watsonrichard@example.net,8480622107,8619,931,11.21,08/03/2023
Louis Green,joel79,michael76@example.org,2593765711,8775,1560,0.87,01/31/2025
Matthew Steele,arianadiaz,susan20@example.com,3874432021,3027,1151,7.21,2023-08-12
David Jones,kristin00,akim@example.org,6720572969,2039,3014,6.61,01/15/2025
Lee Parker,davidzimmerman,martinstephanie@example.net,,5940,2530,2.79,2025-12-01
Tara Morales,jennifer90,,4287754238,527,3434,9.26,2025-12-04
Jeffrey Carter,laurakelley,robertcastro@example.com,5111301175,8584,277,12.6,2023-08-24
Tim Larsen,keithsalas,dennisjones@example.org,9981632126,1559,8,3.28,2022-09-29
James Hamilton,kathleencastillo,tonypearson@example.org,9370133032,5443,3112,12.08,04/17/2026
Benjamin Brown,dperry,matthewthomas@example.net,5782279101,1924,1261,7.53,27-03-2024
Brian Meyer,robertroach,campbellkristen@example.com,5512315375,6293,3425,3.8,2023-03-18
Eugene Higgins,cbrennan,younggabrielle@example.com,6679017210,7238,3622,10.17,15-06-2023
Emily Miller,msmith,anne49@example.org,6128260438,9345,3609,6.98,06/19/2025
Angela Cross,steven18,sanchezcrystalexample.net,5883933127,2181,1170,1.12,08-03-2022
,jamesmclean,kimberly21@example.net,5668556448,1923,1941,3.23,25-08-2022
,vpreston,brandonalvarez@example.com,7518666304,9202,964,4.0,09/08/2024
Jessica Wright,james67,youngashley@example.net,6944142262,6547,1998,2.3,14-01-2024
Jordan Mcdaniel,kristin93,owilson@example.net,9265609985,6745,2032,4.08,14-10-2022
Troy Gonzales,dwatts,ronaldparsons@example.net,4180378138,8454,1429,8.32,10/02/2024
Sharon Robinson,youngryan,jacksonjoshua@example.org,6265016831,1320,259,1.49,11/19/2024
Paul Carpenter,danafoster,grahamtamara@example.org,4655730355,4670,687,11.47,01/01/2024
,tina34,michaelturner@example.net,8325785916,9189,79,1.77,23-01-2026
Jennifer Blair,ronald45,,8588769565,2749,4963,9.15,31-03-2022
Alison Wright,matthew62,reedmichael@example.net,9454334062,8796,4864,9.61,2024-02-03
Debra Perry,yjones,powellkara@example.net,3587283948,1234,1451,14.27,28-08-2024
Jonathan Stewart,bmcgee,powellbarry@example.net,7525484303,2440,4966,13.41,2021-07-09
Sandra King,ruizkaitlyn,cookemichael@example.net,,1343,3434,9.89,07-02-2022
Brianna Byrd,susan08,davidsmith@example.net,5031086659,8261,3834,4.17,2024-11-14
Brian Mendoza,justinbailey,williamsullivan@example.net,8515344013,6046,3724,14.26,06/06/2022
,william46,pbaird@example.com,,8518,4410,10.33,17-03-2026
Terry Hill,cstephenson,deborahporter@example.net,7561728644,1821,2360,3.64,2025-08-05
Aaron Miller,bgonzalez,georgecarter@example.org,6564731230,7305,4936,10.79,2025-07-19
Alexander Gomez,carlsonkristen,asmith@example.com,6389710636,2500,3885,1.1,2022-03-29
Andrew Gonzalez,stewartkyle,ihays@example.com,6144594354,1880,4461,3.45,2023-09-04
Matthew Smith,tiffanysantiago,april91@example.com,7656585531,1946,1054,14.63,08/20/2023
Omar Price,fwalker,hgarrett@example.net,3869963931,104,3378,2.15,31-10-2023
Jennifer Perry,ashleyaguilar,buckleyanna@example.org,3464975279,8674,3006,6.03,14-12-2023
Madeline Powell,creyes,jessicadodson@example.com,9403748506,7912,2006,12.09,13-01-2026
Alexa Williams,jbarker,kelli32@example.com,3044426338,-154,1403,1.33,04/18/2022
Catherine James,cheryl27,,6131005449,9064,2364,1.2,28-11-2021
Carl Vargas,crystalwilliams,brianscott@example.org,7799567490,1489,4180,6.74,
Daniel Benson,bmueller,amy32@example,7590302909,3568,3519,12.39,03/08/2022
Elizabeth Spence DDS,alan09,swall@example.org,2825989011,2881,4243,7.02,07-07-2024
Mark Ferguson,timothy31,aparker@example.com,,8005,4018,6.97,04-11-2022
Tony Saunders,keith10,lburgess@example,7839626408,5280,2011,12.48,2024-10-02
Marcus Winters,megan90,millerstacy@example.net,6532043071,7941,994,0.53,09-10-2023
James Todd,rodriguezbrian,mistywilkins@example.org,9455610447,4775,4022,14.52,2024-06-09
John Schmidt,stephanie79,jrivas@example.com,4645120421,2724,3329,7.34,2022-11-15
Nichole Johnson,danielle35,,4459340599,9340,2873,8.03,09-04-2025
Sarah Martin,zolson,martinaaronexample.com,,6304,3126,8.98,10/10/2023
Shannon Bishop,imartin,lisatrujillo@example.net,5632753983,5083,2781,3.4,2024-07-02
Kimberly Riley,bergeramanda,harrisonwilliam@example.com,9626333315,2688,3605,5.33,2026-05-27
Jodi Jones,patrickdarin,deborah23@example.net,9803662851,1336,2229,6.7,01/02/2023
Ana Mckinney,htaylor,,9868845806,-8882,2378,13.38,
Ashley Cole,riverajody,jamesmills@example.com,6694638039,4592,3218,5.54,10-03-2026
Cindy Gomez,campbellcarla,amitchell@example.org,5305985001,4891,4808,8.74,08-03-2025
Amy Silva,brianromero,caseyjonesexample.org,8047877267,1827,2404,6.58,12/14/2024
Jeremy Scott,ilewis,sarah42@example.org,5535997538,5873,3070,6.52,2026-07-06
Julia Patel,erica49,pleeexample.com,3323646093,1121,1923,9.5,04/07/2026
Kristin Haney,ashleyjackson,rjacksonexample.com,5695387521,1582,3052,12.2,20-10-2023
Melanie Flores,cruzamber,angel85@example.net,2027708670,831,4350,3.46,2025-11-05
Theodore Jones Jr.,cameronhill,oscar98@example.com,2062073697,333,1248,3.65,05/18/2025
